time_s,phi1,phi2,w1,w2,p1,p2,E
0.0,1.3240593065116333,0.6155860893509028,0.016713649352542333,0.05242191309540309,0.00020030011533863008,7.419096265178201e-05,0.4719298427319987
0.0333280868838763,1.3246975355609734,0.6171070033115726,0.021317190122975695,0.03928164116046282,0.0002179441148575735,6.759317691348783e-05,0.4724165709339987
0.0666561737677527,1.325462302887964,0.618233405454897,0.024307141177699228,0.02874747785283492,0.00022665486701030436,6.134539258563223e-05,0.47294467658961803
0.099984260651629,1.3262998306343647,0.6190521523956358,0.025683502516712923,0.020819423172519377,0.0002264583156549548,5.544434386255714e-05,0.47349004900233344
0.1333123475355054,1.3271563409419358,0.6196501007485489,0.025446274140016788,0.015497477119516202,0.00021736737761264603,4.9892477402206935e-05,0.4740286718388134
0.1666404344193817,1.3279780559524403,0.6201141071283975,0.023595456047613705,0.012781639693823177,0.00019938625256100772,4.469531580291053e-05,0.47453659374631885
0.1999685213032581,1.328820974676313,0.6204956792526121,0.012693334841757054,0.024929510607999195,0.00013185181354924156,4.1747477729114174e-05,0.4750494467479544
0.2332966081871345,1.3291945739631776,0.621283006294941,0.010008041103963361,0.025885365307303676,0.0001124576209999629,3.9031807995798645e-05,0.4753265189108711
0.2666246950710109,1.3294751018872697,0.6219634796099579,0.00842474187231046,0.02316189965009885,9.654660982360663e-05,3.4206379547363906e-05,0.4755417285187097
0.2999527819548872,1.3297522529871983,0.6226040995326493,0.00788776984527706,0.017529536552804093,8.473462348699193e-05,2.7952459303574814e-05,0.4757519090998676
0.3332808688387635,1.3300375246313325,0.6227091100981661,0.006351035983299891,-0.0037058741767668213,4.392604434054085e-05,5.024010126647115e-06,0.47592361995575927
0.3666089557226399,1.3300160309393008,0.6222578426423019,-0.0010663817005314158,-0.027384063812177173,-4.554730010960876e-05,-2.8316655900356402e-05,0.475875392249697
0.3999370426065163,1.3296446460152849,0.6215756622663963,-0.014965017183755869,-0.0266876927051396,-0.00015177406376611178,-4.65714069094863e-05,0.4756089346149918
0.4332651294903926,1.3289292028011546,0.6209033237049956,-0.02547730850975638,-0.01625623544167154,-0.0002186312427846421,-5.0663672417003764e-05,0.47514598591767776
0.466593216374269,1.3280760055081262,0.6206620365230464,-0.03081270751003551,-0.00742328013550253,-0.0002477466455234084,-4.929098366037547e-05,0.4746379428486034
0.4999213032581454,1.3272571120897787,0.6205777420125324,-0.029300436606150893,0.005410829380978921,-0.00021858191273497622,-3.466428577596542e-05,0.4741605414869918
0.5332493901420218,1.3265537772197276,0.6207236593128735,-0.02047817215323411,0.01591442805290111,-0.0001362001221675938,-1.2345214023010785e-05,0.4737669931147265
0.5665774770258981,1.3260491946089976,0.621149786949496,-0.007827665630056657,0.0195653165115226,-3.3634667425033504e-05,8.498325781964484e-06,0.4735106316228113
0.5999055639097745,1.3257055455143043,0.6216655324517104,0.0007521447371976464,0.013467447644200714,2.4214381314167557e-05,1.423969526657833e-05,0.4733547485580736
0.6332336507936508,1.325596505274222,0.6221707189948416,0.001895493280254179,0.0007295893849572632,1.5616026093086043e-05,3.3087491855297532e-06,0.4733326005867776
0.6665617376775271,1.3256758276282992,0.6220996918710271,-0.002640210927832065,-0.0037011925262095957,-2.5423760630377677e-05,-7.242146256251959e-06,0.4733724224803268
0.6998898245614036,1.3256043009397722,0.6218854143726996,-0.007122882703707312,-0.002093930600979954,-5.779509352434374e-05,-1.1795791511641292e-05,0.4733144179752609
0.7332179114452799,1.325329976771005,0.6219480936930052,-0.009845326575889768,-0.003231577851279477,-8.034762062653192e-05,-1.6639030769414368e-05,0.47316235835389964
0.7665459983291563,1.3250611063651152,0.6218604070447148,-0.008970897920413723,-0.001995356283087224,-7.191327577323908e-05,-1.4231943977054759e-05,0.4730011030564389
0.7998740852130326,1.324881760544904,0.6219377648541246,-0.0045333377616154635,0.0023779775887413646,-3.1706464185055496e-05,-3.871395350833427e-06,0.47290421392190257
0.8332021720969089,1.324727674286362,0.6218361899864803,-0.002728844379775719,-0.0009119659583778361,-2.229284361785318e-05,-4.629373239741725e-06,0.47280771318937037
0.8665302589807853,1.3246449933886626,0.6217608817238454,-0.0036191080868195336,-0.004169012653771231,-3.3616208876464944e-05,-9.042935174206346e-06,0.47275433373693226
0.8998583458646617,1.3243206421399099,0.6212973029315874,-0.012897212172821249,-0.01787176436020599,-0.00012391957370317864,-3.518126275927606e-05,0.4725323367718807
0.933186432748538,1.3234683086825516,0.6205177749998505,-0.028396811470288608,-0.031687279480875796,-0.0002623604526673017,-6.994710666560986e-05,0.47198521618100653
0.9665145196324144,1.3221576248063558,0.618773594669713,-0.04679764780419626,-0.05878137052577226,-0.0004413168818394102,-0.00012168484232813551,0.47110405115370035
0.9998426065162908,1.3201709176682819,0.6165620678556146,-0.07006017112647234,-0.07439110234972124,-0.0006420517478252857,-0.00016880368078889832,0.4698049982508511
1.0331706934001672,1.3177734562672816,0.6143193080871562,-0.08232719404061672,-0.07482979086151387,-0.0007372678670543075,-0.00018602749787932784,0.4682632109718553
1.0664987802840435,1.315265920777299,0.6123160246308192,-0.07850582445217968,-0.06177681634544685,-0.0006899777432027831,-0.00016804119929375024,0.4666652376074353
1.09982686716792,1.3130125790990133,0.6106661974961696,-0.06341658530618188,-0.03870992391534345,-0.0005420691214307114,-0.00012480698303790516,0.46523414732583496
1.1331549540517962,1.3112203348330203,0.6095879341896365,-0.04267313238737458,-0.018539359436628544,-0.0003544934098917695,-7.665232810562521e-05,0.4641138236760622
1.1664830409356726,1.310117742431464,0.6091785528744784,-0.017272385758138054,0.007030753513897592,-0.00012356542208582578,-1.678137193033276e-05,0.46344458356852297
1.199811127819549,1.3096945620133957,0.6093759466045444,-0.000812004408712319,0.014289092743126064,1.3336776573744252e-05,1.290356932763779e-05,0.46321753581858577
1.2331392147034252,1.3096773197856426,0.6100481014837877,0.008656099916877213,0.020913817185646222,9.54574420780668e-05,3.239563479961008e-05,0.46326126999958045
1.2664673015873016,1.3102814519622241,0.6108914813280848,0.019623659870597,0.014517449894747791,0.00017126436424070722,4.117818599383267e-05,0.46367395869396894
1.299795388471178,1.3110664638726173,0.6113617796139599,0.022497967953515552,0.019622713723572938,0.0002004316036411855,5.012365364996187e-05,0.46416019561783267
1.3331234753550545,1.3118634912866307,0.6116268931837983,0.029935303948201764,0.01233232099799264,0.00024777570636441633,5.315984746649127e-05,0.4646377392864082
1.3664515622389308,1.313109077452817,0.6120453897599484,0.03993487502017956,0.009532629264846992,0.0003210424470555407,6.409156263644395e-05,0.46538524147234095
1.3997796491228072,1.3146897457014708,0.61283516924927,0.049425152492010405,0.016784113026682368,0.00040415549782623326,8.416855545568577e-05,0.4663552291060282
1.4331077360066835,1.3164141248611265,0.6136204332873463,0.05499789372442132,0.023686144207189397,0.00045656097326303083,9.851312510239352e-05,0.4674065580158627
1.4664358228905598,1.3181793713655474,0.6143902784165862,0.055351987084552245,0.030360002416986775,0.0004683914015603815,0.00010548078752816773,0.46847837954711913
1.4997639097744362,1.3198284359931436,0.6151835094716714,0.04488403371742944,0.025927942474073262,0.00038157611691362457,8.677265698549196e-05,0.4694803455929979
1.5330919966583123,1.3208335629971097,0.6157936480272432,0.02632370243478732,0.022613471491855996,0.00023389990374401772,5.814486570780333e-05,0.470098364130477
1.5664200835421889,1.3214467259794511,0.6159463971612568,0.009758436595062037,-0.0024644161382691987,7.189117904696507e-05,1.0908489625366467e-05,0.4704582697484953
1.5997481704260652,1.321792754069563,0.6161556171948864,-0.009825979829545695,-0.010487850236739593,-9.009789757550088e-05,-2.3705076644408e-05,0.47067332211521834
1.6330762573099415,1.3241795498473903,0.6176682720722154,0.03591598976197252,0.01510641059795459,0.000297593678035316,6.382337966576198e-05,0.4721665050849163
1.666404344193818,1.3300499012796008,0.6186194529012371,0.12312387026647631,0.027981933735883535,0.0009875431839547414,0.0001947343667383219,0.47566713150475076
1.6997324310776942,1.3355228844694156,0.6162153793973829,0.10108805215933536,-0.06033858681604509,0.0006981648811843878,7.721745884813698e-05,0.4785888334560475
1.7330605179615706,1.3330932691975381,0.5970956542895476,-0.19186130841056048,-0.4852559212913228,-0.0021247671830279956,-0.0007311039263945383,0.476042478502448
1.7663886048454471,1.3024812450424217,0.5789396995560974,-1.0949261010980735,-0.6206482255618209,-0.00927840464157589,-0.0020808465084991377,0.4624855337356706
1.7997166917293237,1.241039436161123,0.5714924851824098,-2.322205558633985,-0.3096038146321154,-0.018344193569963835,-0.0035699380220749525,0.44335736033886497
1.8330447786132,1.1437391772485557,0.5836578940272527,-3.6746105458579303,0.4650967382319777,-0.027631590651181953,-0.005128135835937545,0.4185739371279258
1.866372865497076,1.0036682506062142,0.6215193208022078,-5.033584713639095,1.5495287691134725,-0.03623971570608129,-0.006857829329922028,0.38513384070048945
1.8997009523809525,0.8169269327720333,0.6877873729628874,-6.28622017654314,2.702596591328466,-0.04367148009861687,-0.008531082357860863,0.3434879613528048
1.9330290392648288,0.5880545892752271,0.7833249032032159,-7.2547442887990785,3.61278308469021,-0.04959079690819556,-0.009222116036629998,0.30257384738660814
1.9663571261487047,0.327062759304434,0.904300196425128,-7.954262409910697,4.050306800545675,-0.05525464580722046,-0.007983179522320798,0.28740319684221427
1.9996852130325813,0.058688378400905045,1.0405484999436239,-8.108428785559683,4.021921015248027,-0.05852430627069757,-0.004133893539840057,0.2979231447205264
2.033013299916458,-0.18993363530799445,0.9576119200868464,-7.466784356012809,-0.8157594281146348,-0.05818447591920154,-0.006301456611592323,0.288787284877699
2.0663413868003344,-0.4017926399333916,1.143216969650573,-6.109560418317011,3.8313987381836085,-0.04693941157003573,0.0034759529832249884,0.2775884386720693
2.0996694736842105,-0.5741061456909239,1.5496805955316584,-4.173117055389293,12.083738388706013,-0.04356769292061022,0.015785654101963326,0.4156140643551147
2.132997560568087,-0.6935254204042525,2.073546152410289,-2.3717315154724803,19.04747512035342,-0.05008950972816824,0.022644683104122584,0.6153143480193514
2.166325647451963,-0.7634544814077262,2.645879526899083,-1.077302652779947,22.31780339649598,-0.04691524218455975,0.02375692393578512,0.7128230855648977
2.19965373433584,-0.7936520218822469,3.27440408526912,-0.32592415289007626,22.59403283971686,-0.02685786763995938,0.022515467322856995,0.7090562948446133
2.232981821219716,-0.7947087567262552,3.9882147897275297,0.10719408451499923,21.346461343848972,0.0035252832800270932,0.02095400306672871,0.6294176775173637
2.2663099081035925,-0.7721012466196916,4.704170363311883,0.5954311029411973,17.811569532527017,0.02669289771585935,0.01821161669659684,0.47633682071353695
2.299637994987469,-0.7364689509129311,5.365171473557794,1.3654708544644176,13.675113691853625,0.03465761825752877,0.015824130617371774,0.339007352398761
2.332966081871345,-0.6756229631008597,5.845010028721029,2.40081935284817,10.705831940320891,0.037180195226978664,0.014687941666252247,0.26608565036694365
2.3662941687552217,-0.5769725684517352,6.031955976703456,3.548141567557666,13.55865356297776,0.050405504169109196,0.019330700146046275,0.3204679896240263
2.399622255639098,-0.43694108380080326,6.3921307748146425,4.713879069078694,9.073599411050667,0.05026388805641351,0.016127846131003987,0.24798162492096648
2.4329503425229744,-0.2553281154322338,6.636455572429005,5.855174901933042,2.9458192890427277,0.04949022116048571,0.01150694980033885,0.18948689105588706
2.4662784294068505,-0.04415869696523801,6.703819928795605,6.686155178257431,-1.8399062221665634,0.048613003787488625,0.008916313144216034,0.1668745314918444
2.499606516290727,0.1789924734507466,6.619467002957319,6.945689338414477,-3.660450917901855,0.04707976784449818,0.008714491594050872,0.16469444221775725
2.532934603174603,0.3946645088635149,6.463308328760715,6.464978771148453,-3.9560651564297924,0.0429239175421791,0.007450138864539039,0.17167514295656633
2.56626269005848,0.5823555900843761,6.258040238216786,5.1956329790816405,-5.110696381925099,0.03254120827117615,0.0026388544808059137,0.1752592399324803
2.599590776942356,0.7251791882325739,6.284623153688354,3.3044153439971975,0.6315991193400254,0.026332444904715466,0.005061210765343253,0.19382443532593827
2.6329188638262324,0.8046605730994097,6.454928095978633,1.260267221798502,6.315720171045367,0.0188538176812095,0.008018374592675587,0.22046541769783545
2.6662469507101085,0.8192027648556508,6.722253620770269,-0.6539610219143079,11.181087704186712,0.013581490359214458,0.009879093257802873,0.25130691835291663
2.699575037593985,0.7684908621916957,7.052864949948717,-2.3278536879053444,13.576755226098514,0.006401569247079519,0.009142842969700376,0.2594723951032767
2.7329031244778617,0.6665157035958477,7.403580036715985,-3.5600184188268846,12.484353932642543,-0.007327702713592364,0.00650752490323377,0.25779008635577094
2.7662312113617378,0.5405270933203201,7.7692811954901035,-4.1719108413175805,10.263116597665483,-0.02139858588615349,0.00568793235449673,0.28393264430130905
2.7995592982456143,0.41612360273675353,8.152496266978828,-3.918157553103493,8.515411687633748,-0.0284243063934037,0.0075287546660860755,0.31608870072067874
2.8328873851294905,0.3117973079321654,8.598067485876872,-2.987785188704846,9.803281752757943,-0.030408900961282254,0.011862170821804588,0.362660560840959
2.866215472013367,0.22984275508468982,9.026273725520667,-1.9544187152282284,13.545599364512842,-0.03472945563675212,0.016124171907540893,0.42286928547374025
2.899543558897243,0.16018015661265045,9.414234295477174,-1.40196013856374,18.493058485833053,-0.043502282144462,0.020619584998060738,0.5036671367356889
2.93287164578112,0.09173770892141228,9.9862386055959,-1.6378603217837184,17.162211928514473,-0.04008227746996686,0.019455565671784292,0.4561091178681248
2.966199732664996,0.013169883797578838,10.462815155730883,-2.5556942082129486,13.608910193663693,-0.03238416193896653,0.015730337160971792,0.35577336955521877
2.9995278195488724,-0.08645863035402884,10.828774532399326,-3.7839133994485414,7.750931044309773,-0.030297172605678244,0.008148241569351396,0.2514092062344784
3.0328559064327485,-0.21456240063997345,11.032419248606423,-4.626327996007704,1.9954225824430623,-0.03478757357821149,-0.00010696832076803652,0.22632872204181062
3.066183993316625,-0.36211872899363207,11.070151880213341,-4.697866315585831,-1.3005289335856602,-0.03721639106823841,-0.00483997472001763,0.2561306662343581
3.0995120802005016,-0.5056801182773469,11.019539777931836,-3.9563799228429484,-2.2205636399340136,-0.032523836527598465,-0.00576388928033985,0.27889336300824474
3.1328401670843777,-0.6186974145333752,10.956802441487987,-2.712437561390316,-0.9993093494115328,-0.021900430006797495,-0.003646436759996302,0.2838899360355226
3.1661682539682543,-0.6863185901304083,10.949990057818574,-1.312915381222604,-0.11395727149746548,-0.010247332661715297,-0.0015196298980090289,0.28437826831890767
3.1994963408521304,-0.7051749248101219,10.932076342910694,0.09643831480597698,0.6913128170797904,0.0014859593099270834,0.0007817055960943532,0.287509016097539
3.232824427736007,-0.6830985556238756,10.96008899848711,1.3238980448382152,2.3514759543743757,0.012754524012624679,0.003739429879764458,0.2878132756467075
3.266152514619883,-0.6313701330528942,11.081815621335629,2.1362638682305533,3.963199426084252,0.021149646331006515,0.006407701635685515,0.2748665289954714
3.29948060150376,-0.5645387783425793,11.270896017502263,2.388111533519261,6.1439974236444534,0.026622719283164658,0.009216623570661641,0.2519154727626441
3.332808688387636,-0.48432109445085386,11.52720376674376,2.4795571472408873,8.626396516508777,0.03227480164076258,0.012242879410204396,0.2285800980106798
3.3661367752715123,-0.3903857640406383,11.88229247970212,2.697860399334472,11.754864275090515,0.040988681319790526,0.01616347131210453,0.22569182712502228
3.3994648621553885,-0.284180242223585,12.291028849772745,3.1745997461232203,13.693085787330542,0.04904393905247932,0.019126992498672214,0.23768555089288407
3.432792949039265,-0.16243197366955608,12.70170066946355,3.877956312532022,13.277160407211493,0.05267503214887394,0.019674769389357645,0.24178527415802242
3.466121035923141,-0.020792371096099348,13.071663656889257,4.689565222648517,10.181626046005807,0.05195977530776169,0.017262586342066108,0.22702291163951915
3.4994491228070177,0.1426119781471444,13.347617940106703,5.392186930161822,5.966062610601927,0.05017691202076005,0.013618704143602302,0.22177042210632286
3.5327772096908943,0.3242372787755565,13.497501896798466,5.6628361999905605,2.5258374676184694,0.0473932301259286,0.010821773942465557,0.23406769051277532
3.5661052965747704,0.5093311278292316,13.563483422091554,5.390919835870275,-0.23980925834524314,0.04119449829994365,0.008307151970841246,0.24792767859528758
3.599433383458647,0.6786403507899025,13.55479968290366,4.658789585727592,-1.6901583996046021,0.03304087352488991,0.006301082789835318,0.2644652239039097
3.632761470342523,0.814650258020361,13.497044425442095,3.663441016498898,-1.7446192569463683,0.025143825586360982,0.004815833504768262,0.2827351852056749
3.6660895572264,0.9120628970471234,13.420789258519132,2.2871491266419834,-1.1409572919307998,0.015595136307638804,0.0029765991107248034,0.29259640327234243
3.699417644110276,0.9596699807949163,13.373052899700046,0.5881743516350784,-1.3526352027920616,0.0021379635424452034,-0.0002841685636557911,0.2950886666377357
3.732745730994152,0.9505757300507509,13.339511162362864,-1.1817714732755698,-1.3748316047933749,-0.011541203385592785,-0.0034352520677812686,0.29578537921909176
3.766073817878029,0.8797226789286068,13.29601801430329,-2.933853793883565,-1.5709946393026542,-0.025412092626823566,-0.006744683856253032,0.2919110208122101
3.799401904761905,0.7599769840144961,13.228736859812724,-4.332604385754126,-2.0749624253845376,-0.0371171566832441,-0.009770292859600406,0.28224044885764643
3.832729991645781,0.604877142490075,13.13437267852883,-5.251042845045804,-2.990535075310639,-0.0458565246972496,-0.012346530438052304,0.2653142829830708
3.8660580785296577,0.4266861122825799,13.008946534122519,-5.684420630888935,-4.179647055085109,-0.05133443183682613,-0.01429553118960797,0.24201623151239962
3.8993861654135342,0.23294584458960776,12.85333502149957,-5.809024348163741,-5.356309899437619,-0.05439298935563803,-0.015659414913979194,0.2215091086641969
3.9327142522974095,0.03815103726803254,12.661080351694295,-5.623539321684921,-6.489799511997397,-0.05499118305313448,-0.016437693352902155,0.20900741179394164
3.966042339181287,-0.14136544106865903,12.435316324970419,-5.117211094787605,-7.31639827302854,-0.05258706898295874,-0.01635596474010618,0.20145784018140558
3.999370426065163,-0.29987459437098024,12.193896408249714,-4.456439284557652,-7.266724734582176,-0.04736848758181614,-0.015101379213606547,0.19621943334120626
4.03269851294904,-0.4351759495473215,11.957888256361379,-3.716638918588572,-6.576201482050632,-0.04028215745620196,-0.013018129433156089,0.19742511646181923
4.066026599832916,-0.5460888943125453,11.754476025996864,-2.956915736689167,-5.862615062574843,-0.03295057418097332,-0.010868926413535493,0.2094127074802156
4.099354686716792,-0.6332899084782935,11.57652099707167,-2.0304265824799574,-4.843099360363993,-0.023799642049764487,-0.008164066207479006,0.22057227880103944
4.132682773600669,-0.6885646808819983,11.432512282287972,-1.142001897259729,-3.5892530368054736,-0.014617590555114319,-0.0053697368878488335,0.231949965256592
4.166010860484545,-0.7113435034593996,11.342099683687781,-0.3058397044253026,-1.9612872966394406,-0.0054240178428254715,-0.00240199635853632,0.23730848547696562
4.199338947368421,-0.7005856726844286,11.30049975905738,0.5947383413097391,-0.47347262045851224,0.003869402623559151,0.0004364081617424256,0.23646370455722843
4.232667034252297,-0.6617481472751532,11.295992434081569,1.6289752867140581,0.4980801731384581,0.013295590859291714,0.002885944306846128,0.2331019062459938
4.265995121136174,-0.5945054994134361,11.312785515105771,2.5655127210394655,1.2484891919679164,0.02155557703902676,0.004862879596203219,0.22669066661732643
4.29932320802005,-0.5020976350318112,11.37579043135544,3.164801316992471,2.540552661456914,0.027925923667767957,0.006876069789589706,0.21233128223300585
4.332651294903926,-0.39437030565331416,11.506784876904238,3.46552215926058,4.3663901029856085,0.03288833171495777,0.009174324778326075,0.19260545309658797
4.365979381787803,-0.2780970579593148,11.72739204765127,3.537936682717586,7.119578187610706,0.038098733314436806,0.012358144275683072,0.17970797919113135
4.39930746867168,-0.1589949941565802,12.018582062745526,3.5055021012216443,9.779877075719867,0.043268027482597074,0.015412702955604863,0.17877611893443698
4.432635555555556,-0.039708123170702846,12.351266412266856,3.447541601552566,11.425048109016949,0.04676699258897206,0.017297035578066954,0.18305949146000672
4.465963642439432,0.075951333933167,12.697205023769477,3.424087668320956,11.464123478107041,0.04693967821265303,0.01737892876711265,0.18285878938626512
4.499291729323309,0.19251822707961205,13.032038215949969,3.5304360918508926,9.567497731758579,0.04375237693428856,0.015483607706786067,0.1768597963037426
4.532619816207185,0.3124254249680699,13.312414769451959,3.5987346962946622,6.619814630913947,0.038528851690895864,0.01235184983044064,0.1753399684560153
4.565947903091061,0.4317476421843265,13.507683661728919,3.532989257080457,3.696856817829385,0.033035149733959164,0.009158859444342013,0.18606369467163147
4.599275989974937,0.5441581403708378,13.610091934184922,3.251817441258966,1.6223291118044898,0.02763233024321191,0.006711706403583005,0.2040661882207887
4.632604076858814,0.6414215738601723,13.643093455351448,2.7099033004815816,0.24806750079746465,0.021302119384658636,0.004651029788380909,0.21919686684259942
4.66593216374269,0.7172893170962404,13.623059308894103,1.9219863884417872,-0.633693072617902,0.013750391115747919,0.0026293320307128184,0.22789276552001358
4.699260250626566,0.7635420761044015,13.581300874322103,0.8855087469540254,-1.7064707292477692,0.003864159470039259,-0.00013552224707846024,0.23084016923200454
4.732588337510443,0.7731255289498444,13.515515174232997,-0.3332425438145268,-2.5331925793825256,-0.007043758567209804,-0.003073542719783394,0.2304966081977128
4.76591642439432,0.7410199963168688,13.422483969873115,-1.6131712403146594,-3.2166166879590605,-0.018172461749814472,-0.006029985821591439,0.2267179581512459
4.799244511278196,0.6665049464956908,13.303940336298893,-2.782282877758823,-3.8202889894528305,-0.02829233018568208,-0.008725866795866087,0.21824789029462974
4.832572598162072,0.5553728855289686,13.163302182500763,-3.8522319374705796,-4.365235021452705,-0.037531778129920146,-0.011186344639161799,0.20931311058014387
4.865900685045949,0.41672062875212357,13.00585710575686,-4.605857798311866,-4.8960096672348214,-0.044300286695107015,-0.013062697507036793,0.1976436044494208
4.899228771929825,0.26008984834859133,12.828150657979121,-4.996063705181216,-5.512497871025694,-0.048417647952748194,-0.014369536466368564,0.1851173949561134
4.932556858813701,0.08854613097203876,12.643997384087234,-5.183512442643089,-5.841753471704465,-0.05045324849964704,-0.015028232157499908,0.1773876600866759
4.965884945697577,-0.08389187355303056,12.453270941846268,-5.050397156060792,-5.9015487529914346,-0.049530040049964766,-0.014844799335205851,0.17183381154014016
4.999213032581454,-0.24584103778947353,12.25971816962782,-4.667599635292649,-5.643495206696599,-0.04610083368857704,-0.013893382341543001,0.17097819916059528
5.03254111946533,-0.39395334687131944,12.078495748904007,-4.148719472985941,-5.064464779342078,-0.041039269257221546,-0.012377278969924618,0.17778671573823823
5.065869206349206,-0.5204828642426532,11.919695535197022,-3.4559744303754814,-4.442855566415908,-0.0345584852765206,-0.010508356913684961,0.18908516081482618
5.099197293233083,-0.6202154965074123,11.782876860304054,-2.58439464366619,-3.6896048082703636,-0.02646107622793592,-0.008193636516273806,0.1994706894910978
5.13252538011696,-0.6883339363150986,11.672860553131425,-1.5500390142506963,-2.8427592143436193,-0.016946182633979755,-0.005510817952246318,0.20686808269188373
5.165853467000836,-0.7200465131318993,11.593682065689418,-0.34597970768739394,-1.9216018680119866,-0.006005709639859687,-0.002485967431565422,0.21020707939201988
5.199181553884712,-0.7126915900457562,11.549199738630197,0.7659352701269903,-0.8642322167696896,0.004427907435613597,0.0004629377094106631,0.2105494207149017
5.232509640768589,-0.6705839395697385,11.533384477655057,1.7102214179252546,0.31834807126895015,0.013723099319384159,0.003180815713556106,0.20728104628256055
5.265837727652465,-0.6022081646811726,11.570502513332483,2.5757068035557213,1.6627339971494592,0.022618183126340487,0.005897992147070064,0.20072621853508182
5.299165814536341,-0.5085861228233838,11.660647943024337,3.138324411330905,3.346286509428783,0.029737975094349004,0.008474010213070014,0.18828640151836415
5.332493901420217,-0.4006286287586634,11.805683721600204,3.3744535916075087,5.187406951958042,0.03473206308510758,0.010753665204337657,0.17118816257871533
5.365821988304094,-0.2866497550334818,12.018704265320615,3.4859351108755106,7.106054240874496,0.03919837898781961,0.013012137374646165,0.1587779918550978
5.39915007518797,-0.16816809409845562,12.276912897591622,3.5282963605927034,8.485791031622124,0.0423199572923436,0.014606924390461417,0.15069145086054186
5.432478162071846,-0.04509978017455357,12.550535107895527,3.648309071689912,8.763581259428527,0.043848883898325405,0.015138403505129634,0.1469386834749678
5.465806248955723,0.08092879469026049,12.814955666750558,3.7946056743836394,7.9342016010765875,0.04329655486790922,0.014494586317977086,0.14580847773014644
5.499134335839599,0.20894807947514543,13.05088015122989,3.847047904616223,6.345897805054051,0.040621997682640854,0.01286565308907091,0.14763811531450577
5.532462422723476,0.3359359186168337,13.240419454807133,3.8177830961065196,4.434628993336311,0.0369469672060318,0.010810855652566481,0.15760329873755716
5.565790509607352,0.4574874909220147,13.370699131644141,3.581457922509665,2.8303451284853196,0.03239473846259759,0.008818337971857923,0.17339382246265295
5.599118596491229,0.5661771530688919,13.452734480123931,3.0223058025233387,1.5682119222688975,0.025977945236565405,0.0066842395007382285,0.18728592395136073
5.632446683375105,0.652588757311403,13.492761134873138,2.171556513518687,0.7600900430468513,0.01805958766104976,0.004495852684604911,0.19766074400505665
5.665774770258981,0.7078691946908539,13.497893705669934,1.159161388831646,0.15075104387212335,0.009203074194573689,0.0021753903382932495,0.20295451823840388
5.699102857142857,0.7284526407609406,13.483732208596265,0.05704677381908785,-0.7974209083734962,-0.0009650180794919884,-0.0006817443979660006,0.20415173704044892
5.732430944026734,0.7098291805062955,13.447821630790312,-1.0968334118123308,-1.684219143846672,-0.011435478646201567,-0.003590772051745273,0.20208663195936793
5.76575903091061,0.6542196788367907,13.377905090883054,-2.238917222284855,-2.558355567916575,-0.021798903638534654,-0.0064762540983842876,0.19756500553172707
5.799087117794486,0.5656559017833918,13.27388960475406,-3.1550855430487057,-3.49533542646882,-0.030538777289754446,-0.00903156701960445,0.18902152224759802
5.832415204678363,0.4517453138723729,13.138331978091474,-3.763615765523233,-4.485664465087936,-0.03701308859716276,-0.0111027662776928,0.17572403202277492
5.865743291562239,0.3224023849779458,12.966737005726213,-4.111003646447091,-5.507304217248652,-0.04155279902735967,-0.012754440216235705,0.16185770737378757
5.899071378446116,0.1832069451598647,12.770020083451772,-4.249147961828057,-6.267320323426905,-0.044009131610600785,-0.013768610944125834,0.14937926612993632
5.932399465329992,0.040230752305836795,12.561334190435081,-4.2100447651659225,-6.574627343947878,-0.04424908252401466,-0.013993786462438575,0.13962726379427287
5.965727552213869,-0.09862361694401195,12.351460502768855,-4.020489229282919,-6.413813642632054,-0.042433153523842124,-0.013455037466814083,0.13448478061461508
5.999055639097745,-0.23059859255622722,12.15162157559252,-3.797898026275525,-5.682469490251968,-0.039310019064554225,-0.01227184106212017,0.13681577955791213
6.032383725981621,-0.35373392402213777,11.97703051397455,-3.558196494115222,-4.549568465892264,-0.03537614547243043,-0.010669366329399268,0.1469938136036955
6.065711812865497,-0.4644406032986696,11.840847885420455,-3.1255636314968207,-3.4714536661146838,-0.030120224841684265,-0.008822036440958175,0.1596157175367429
6.099039899749374,-0.5567226498876832,11.739312661001325,-2.463894832569146,-2.404510917748354,-0.023157974161079946,-0.006617974131689099,0.17013844622425417
6.13236798663325,-0.6241576519099044,11.67448755138961,-1.6336214954678479,-1.4191764989340214,-0.015053422226633672,-0.004218166558589329,0.17787657529596254
6.165696073517126,-0.6607966113234656,11.645220914157614,-0.64652057499596,-0.49951497653341903,-0.005851762700599307,-0.0016106539663207345,0.18102413585096225
6.199024160401003,-0.6643853717037033,11.646242687056013,0.39917221870390307,0.5349152187328094,0.004006714442537026,0.0012174846426663028,0.18104855575354578
6.232352247284879,-0.6353388717866302,11.677834813840626,1.430756768609998,1.4686162048747988,0.013584321409374262,0.003925334903501013,0.1787223875638939
6.265680334168756,-0.5734951265792013,11.743904530638867,2.3648869533186914,2.422564899919294,0.022449475264793455,0.006487803742511273,0.1729013541359148
6.299008421052632,-0.482428212754662,11.843068413392867,3.0751482279097,3.4411572751470203,0.029709898741778262,0.008732629942290328,0.1625831214328914
6.332336507936509,-0.3716795060678185,11.974823809869559,3.5799550865434346,4.393584346794775,0.0352998784980868,0.010577119856296668,0.1501395644503211
6.365664594820385,-0.24714237182629334,12.137899305162836,3.9255093558271494,5.240668526903459,0.03951987157836467,0.012067091453333203,0.1395740520501526
6.398992681704261,-0.1139139166637146,12.323990283201367,4.064290913068131,5.896196827895249,0.041832998409572254,0.013014466624212025,0.13122789998016676
6.432320768588137,0.022173740043111956,12.521961676259659,4.055025911788805,6.1741174991404755,0.04232269453782434,0.01331444132055781,0.12719311090466853
6.465648855472014,0.15682881377314056,12.723001552279854,3.9567531729614256,6.050520624455771,0.041367653163618665,0.013033031770858855,0.1302056646731391
6.49897694235589,0.28649596005171285,12.91406494428598,3.7291148274828645,5.4839396797140125,0.03857737443985036,0.012056368963875137,0.1373056128279952
6.532305029239766,0.40496848103382843,13.083929865663332,3.368862540186475,4.592757682186473,0.03416678443563885,0.010510179711973468,0.147499523517361
6.565633116123642,0.506954809213798,13.221855703323552,2.842102712444336,3.6239150363723915,0.0283471270244013,0.008596996923395547,0.15868989577800502
6.598961203007519,0.5890735733897104,13.326777205182424,2.1336873573676005,2.5478953526698227,0.020958363925590723,0.00627078644122756,0.16783312098419215
6.632289289891395,0.6459452697589771,13.39394360488316,1.2837161104531485,1.438226457016686,0.01243739554573599,0.003675713595467648,0.17415546606097607
6.665617376775272,0.6733892567159355,13.421364910145268,0.3550486315668523,0.33581145270000334,0.0033305867397763955,0.0009558342148780889,0.17703184692711463
6.698945463659149,0.6708956983342975,13.412636606024567,-0.590430332653396,-0.7807699367781034,-0.005932425897127649,-0.0018087842831616642,0.17691788002653178
6.732273550543025,0.6313325728893936,13.376108800914263,-1.6028173713612173,-1.681522792957196,-0.01532927254158343,-0.0044790269553268034,0.172641179471797
6.765601637426901,0.5652993977569292,13.307689621722446,-2.402135771452603,-2.48988222562042,-0.02292246740791379,-0.0066848771541611635,0.16388117931827478
6.798929724310777,0.4775564308755462,13.209892434200825,-3.0054653746220725,-3.308644863161419,-0.029031464604996313,-0.008562815752311907,0.15141548830487325
6.832257811194654,0.3721944564865387,13.08369386161187,-3.429333383106649,-4.069049178565326,-0.033669138757689634,-0.010078497592168232,0.13669392747497847
6.86558589807853,0.25189721990070313,12.931796478429467,-3.73097545595596,-4.805738386054191,-0.03733809268787773,-0.011363843875863911,0.12468970955572253
6.898913984962406,0.12332573985832171,12.759444879313953,-3.8696934425999094,-5.450586478874971,-0.03959632337853635,-0.012271463788305261,0.11709962655388682
6.932242071846282,-0.00861148072084743,12.575923735538609,-3.9129036208505505,-5.79898747103017,-0.04057657365058201,-0.012706468014492465,0.11625662381398234
6.965570158730159,-0.13902641295868384,12.384678048044009,-3.85543153655224,-5.840580727154222,-0.040200143067162866,-0.012639041281568834,0.12236989889421537
6.998898245614035,-0.2662618879435363,12.200823375431444,-3.7398316998547623,-5.349670661445725,-0.03839032822418713,-0.011923362569443395,0.13359090174354563
7.032226332497912,-0.3783493954594106,12.030132465201277,-3.316131602582611,-4.595802781270024,-0.03371520899740765,-0.010382850812745682,0.14085912206267615
7.0655544193817885,-0.47773712608161667,11.891885133134064,-2.575923317677727,-3.7012600118327263,-0.026376590144040802,-0.008162387924785415,0.14535645184551899
7.098882506265665,-0.5509315747754278,11.787236972275922,-1.7781983379452553,-2.5960398396977666,-0.018249402294696557,-0.005653686749812308,0.15067642167658782
7.132210593149541,-0.5958157961622573,11.719931301494501,-0.8971552397562028,-1.4197439265300602,-0.009385975711289905,-0.0029517721855890997,0.15452615674246858
7.165538680033417,-0.6114182164313381,11.694207298879963,-0.008323221082328192,-0.20410864115982008,-0.0004179408870627452,-0.00021465195641075607,0.15615693762701968
7.198866766917294,-0.5983083596013501,11.70740172112805,0.8730918847595994,1.0108557687049817,0.008485252734607563,0.002504870076605339,0.155316108088469
7.23219485380117,-0.5554065041830911,11.756667319854504,1.6602436859514724,2.1073964404124688,0.016462374607359446,0.004949670185905843,0.15038140310664516
7.265522940685046,-0.48706790750449885,11.842824796738991,2.3607740413875336,3.0475952227023875,0.023520776158044675,0.007106511239593056,0.1417693112389627
7.298851027568922,-0.3974928572923257,11.958348754328384,2.957915395149502,3.912804129446041,0.02967507820174342,0.009027116290885828,0.13226903640101448
7.332179114452799,-0.29340716825949914,12.10417651919532,3.462159768731105,4.575146501155043,0.03479023459637083,0.010610267485163917,0.1241801090682877
7.365507201336675,-0.17431670773774305,12.267702619563643,3.664793350035666,5.198817610460033,0.0375162869923959,0.01162305182684876,0.11400118236794977
7.398835288220551,-0.04874180914356454,12.44347534807083,3.7997651407053668,5.468626783357301,0.03908621540968715,0.012161870741227519,0.10925241347506146
7.4321633751044285,0.07737186637108644,12.626929599860116,3.765122076491197,5.523669941043774,0.03894334325714885,0.01217150105627307,0.10894915840291379
7.465491461988305,0.20120947134871148,12.805459316444649,3.593879489317404,5.280201878132704,0.03718060422946935,0.011621820309168437,0.11332880301315479
7.498819548872181,0.3169942471845367,12.97119319475503,3.3119549046539216,4.682856640551918,0.03390931995175611,0.010511847915551395,0.12132581347393262
7.532147635756057,0.41981773420351,13.11509669250627,2.8863925022645347,3.868180207161892,0.029140850163964976,0.008929235814826405,0.1308337426912502
7.565475722639934,0.5054266103951116,13.229048365342035,2.2999525018934426,2.9451726640025413,0.022954958450249772,0.006963887698331234,0.1396499751795643
7.59880380952381,0.5691757418837964,13.310896771265586,1.5592155236020666,1.9319477769739954,0.015436960742304,0.004649221183398541,0.14608253409786218
7.632131896407686,0.6073425256295326,13.357116778588706,0.7117224059465611,0.8734289297472309,0.0070292400608753134,0.0021120865808848515,0.14990995931306486
7.665459983291562,0.6169954366037289,13.367372297987636,-0.15767743760482333,-0.23455972828686456,-0.0016296488020610671,-0.0005081641737937087,0.15096008477756084
7.698788070175439,0.5964788784270791,13.344146174403232,-1.0208436974309292,-1.2628165191449412,-0.010100799008530288,-0.0030399672668301727,0.14866619346415522
7.732116157059315,0.5496298295685245,13.288502293265395,-1.8524737270380776,-2.081085455125173,-0.017963812825640663,-0.005315137875781053,0.14353478190173022
7.765444243943191,0.4749288390837042,13.206260224957074,-2.5593878512061,-2.912675555364043,-0.02489167535649255,-0.007385962037796911,0.13522261279714884
7.7987723308270684,0.38154789455816673,13.095843941765843,-3.0887189348814847,-3.6479538293274523,-0.030292249054218175,-0.009058580882171433,0.12463176710059598
7.832100417710945,0.2740718099133318,12.961016658988026,-3.4325906217895965,-4.290226693127419,-0.03411186404184096,-0.010321276123944186,0.11331365619963268
7.865428504594821,0.15663314516678506,12.807963020482877,-3.6101820688484754,-4.823862895252532,-0.03646333569419359,-0.011184670965580339,0.10402445059342957
7.898756591478697,0.0371179228937623,12.639955776966637,-3.5889863702714444,-5.221389199574613,-0.03703793820698015,-0.0115556931423074,0.09741185892615685
7.932084678362574,-0.0827176537606685,12.463515600368671,-3.485900599987803,-5.409363408660109,-0.03658439242004852,-0.011558190135194761,0.09777344587712994
7.96541276524645,-0.19800957464260138,12.287910665990843,-3.3093147143802906,-5.241270986800128,-0.034892606715351784,-0.011058604237003847,0.10356056625052673
7.998740852130326,-0.30281268501620784,12.121913331582324,-3.008382668506155,-4.70725579177612,-0.03155976724860392,-0.009960092366377911,0.11116282762236537
8.032068939014202,-0.39689897189921275,11.981134593628735,-2.612949125918285,-3.8334942099771716,-0.026905823716572824,-0.008364786344996466,0.12000935222754702
8.06539702589808,-0.47277631784775087,11.870971443140697,-2.0450427026663665,-2.807589041723663,-0.020683209810366386,-0.006332040557794334,0.1267940158533032
8.098725112781954,-0.5271132468477003,11.792106746044691,-1.268842812182621,-1.7262320442889845,-0.012787659998087371,-0.0039002781565724513,0.13089627368163648
8.132053199665831,-0.554440577448013,11.752489104627234,-0.4184700524094621,-0.5620544783612935,-0.004201687277629483,-0.0012768909048075819,0.13285409572961693
8.165381286549708,-0.5541730474431703,11.754037540824084,0.4578479027648079,0.6308540151104864,0.004625020096622689,0.0014129228481559578,0.13288269968880234
8.198709373433584,-0.5278039446666491,11.797222948000009,1.264325915589506,1.7946147323758943,0.012876283429616034,0.003962688803297167,0.1308277611726392
8.23203746031746,-0.47473621288353723,11.877161587893474,1.918586927364034,2.9002869825367554,0.019879359603502678,0.006207819226760209,0.12481376670520719
8.265365547201338,-0.40111077687831453,11.988655754224506,2.494355592222821,3.855797447698258,0.026045261930337228,0.008187221114537107,0.11749080636195518
8.298693634085213,-0.31064097970260124,12.127831669645387,2.924146348966494,4.587447690604616,0.030712581651784122,0.009702662108969676,0.10845719768482615
8.33202172096909,-0.2078836531374339,12.286617991744802,3.1773478239973385,5.059475202327416,0.03355576143620978,0.010648032040864598,0.09831582646659393
8.365349807852967,-0.10030958173130619,12.457919177328986,3.350935602174027,5.1425170073319215,0.03506654391669363,0.011055388580559405,0.09095789608069499
8.398677894736842,0.013062005827904632,12.62762933471276,3.4229820834883933,4.9543585524614,0.03527463129295763,0.010993114399273887,0.08791242127919009
8.43200598162072,0.12921204560902746,12.785257492537516,3.4212065313248132,4.585448460342111,0.03457646017547138,0.010610507363179405,0.09168095474750564
8.465334068504594,0.24167514820065017,12.929241356630977,3.2752684092319626,4.0370311557323575,0.03244717792093132,0.00979230168593282,0.09903161778950087
8.498662155388471,0.3464783188871383,13.05269108879341,2.9860817860285773,3.3538846394601656,0.028985951476164114,0.008594214155515669,0.10875191247639515
8.531990242272348,0.4348358484000455,13.155045969353996,2.4893955009321806,2.6308924705589583,0.02386162999460922,0.006993573674902331,0.11704424536952902
8.565318329156224,0.5053152780490453,13.23056967739682,1.828311054229395,1.8379807034117022,0.01735526953050097,0.005041323734088853,0.12359267669093603
8.5986464160401,0.5530835339677576,13.278487885847031,1.0157413854956068,1.0403768497147894,0.009676014965693785,0.002819625045415454,0.12791080683073955
8.631974502923978,0.5738722033735715,13.2956697964765,0.14546179199226528,0.119502686136709,0.001333572821320098,0.00037501259103768205,0.12977088471424367
8.665302589807853,0.5664770215700807,13.280078350846498,-0.6797338353562492,-0.9109943924598909,-0.006858527489136287,-0.0020997769260478086,0.12916381478064579
8.69863067669173,0.5312775929927104,13.233132831686206,-1.4092204291711,-1.9192142702105315,-0.01427895832544902,-0.004387393917219481,0.12518488746531614
8.731958763575607,0.47231799325697277,13.15530127608876,-2.06447594851797,-2.840288006985986,-0.020981416516856324,-0.006464355405892783,0.1187085303285238
8.765286850459482,0.3928122723555403,13.049643919350451,-2.6601222674114267,-3.5778874602540363,-0.0269064707076155,-0.008262031484748654,0.1113281531239993
8.798614937343359,0.299968629455398,12.918957720000371,-3.026388748641182,-4.191059316877723,-0.030846838749230276,-0.009532543780360954,0.10150308459053807
8.831943024227234,0.19181386086263152,12.777855435726252,-3.3906586481687517,-4.402974295818183,-0.03404507795392105,-0.01040018938921423,0.09451625237532313
8.865271111111111,0.07627330089760107,12.629540968203514,-3.4998589341301525,-4.509463339815774,-0.03507907778808615,-0.010701173384158633,0.08750681007362555
8.898599197994988,-0.03834223102585574,12.4745936068215,-3.4350566209985183,-4.546683190246842,-0.034635143956707165,-0.010613187670081736,0.08462722703202841
8.931927284878864,-0.14888365156461106,12.322616565884143,-3.21069699996475,-4.490297600670072,-0.032779170419263925,-0.010138316085742784,0.08598661830432167
8.96525537176274,-0.25064676680340137,12.178026065433404,-2.8607011513105625,-4.195652726063582,-0.029516471519894307,-0.009198782679887677,0.0902222657901598
8.998583458646618,-0.33899134330218195,12.048179065786137,-2.412765880909916,-3.651261235942556,-0.025051848489959228,-0.007840508233500439,0.09622076593259507
9.031911545530493,-0.4098269988777685,11.94029639986989,-1.84503006882897,-2.9308824512279514,-0.019363723828252077,-0.0061076551474760895,0.10183336419210005
9.06523963241437,-0.4621498618081561,11.860933509886653,-1.2264542013031248,-1.9688502713091331,-0.012886055814511825,-0.004066619316071871,0.10672068184541958
9.098567719298249,-0.49172951894978734,11.812548932222322,-0.5277195735379182,-0.8834345240577761,-0.005600326698747523,-0.001780923713281471,0.10953879329993303
9.131895806182122,-0.49463318690173375,11.798676531657259,0.1388568498545305,0.3271241250208412,0.0016359088559499651,0.0005607540916957944,0.10960713644434567
9.165223893066,-0.47770566468574993,11.8273169344256,0.9344821652004316,1.324925980890054,0.009502615552539971,0.0029190707833174306,0.10840742628441452
9.198551979949874,-0.4373913834781279,11.890363427122686,1.5716554791769595,2.3143453924287307,0.016154353828051384,0.005009669904145864,0.1043674911490387
9.231880066833751,-0.37688866361151174,11.98322478195491,2.0925663402174135,3.245114735665897,0.021835443825800546,0.00685746059710968,0.09817615769489324
9.265208153717628,-0.30075725484941507,12.103422478356574,2.4915061728274353,3.994701288456337,0.026285988136831348,0.008329310960472219,0.09038403335497663
9.298536240601504,-0.21401509646942396,12.245766342685855,2.749151360057619,4.532065361110654,0.029284759707522787,0.009349284234507517,0.08192919227147591
9.33186432748538,-0.11813746025696045,12.3990575097205,2.936687208039171,4.758806721608213,0.031173571457064116,0.00992973210135864,0.07543979354569712
9.365192414369258,-0.015094467021490837,12.556069672763737,3.0704363682118054,4.739120012705577,0.032179945963872025,0.010156642866063121,0.07354463853849806
9.398520501253133,0.08713190334554473,12.712746451091153,3.1148138547005053,4.501413680774217,0.032081718670909296,0.009993322510074065,0.07616868135608715
9.43184858813701,0.1902590484356016,12.855137670624998,3.069123945824148,4.043513254331057,0.030886984900838042,0.009445285626053467,0.08285151984516753
9.465176675020889,0.28823325288639545,12.979927277733829,2.845153855511432,3.4247811616909623,0.02803684546371741,0.008423229904024526,0.09028032032099217
9.498504761904762,0.3771108097638117,13.080368253305412,2.4602524608437775,2.676329318048033,0.023729210823452977,0.006997324136532625,0.09784905024226206
9.53183284878864,0.4487548023565703,13.1564000228512,1.912318011220341,1.8453364404149717,0.01802487040439706,0.005206363934829291,0.10380335235550667
9.565160935672514,0.49983228638394295,13.205286564647487,1.185336527876098,1.0130913342518575,0.010940981134164833,0.003099537303445253,0.1074799774866866
9.598489022556391,0.5271273697693223,13.22589005874568,0.40362337666865333,0.1684735430893909,0.003412284688827605,0.0008829496659263274,0.10982529584634015
9.631817109440268,0.5285250070964531,13.215452663848792,-0.3475177857877757,-0.7562579368421289,-0.004026762551839445,-0.0013607239553526246,0.10981926543338771
9.665145196324143,0.5024537876924982,13.175820202828959,-1.161172942479138,-1.551299263409451,-0.011721701315803997,-0.0035927850153747733,0.1073947109280443
9.69847328320802,0.4503240870876021,13.111804003786336,-1.9458614979787594,-2.277194368058563,-0.019072736048017146,-0.0057085778018988904,0.10392778021965444
9.731801370091896,0.37573712197376663,13.024399017831366,-2.505618879021475,-3.019963057782732,-0.02472205823159466,-0.007441872795423865,0.09761254821157665
9.765129456975773,0.288136785923188,12.912247057184125,-2.8816343466594634,-3.642291679954596,-0.028745642308317585,-0.008733453854210399,0.0898296739355574
9.79845754385965,0.19121007686468594,12.7823283868292,-3.0299675004911317,-4.132539500229257,-0.030777600625997853,-0.009487405777632463,0.08019635263647376
9.831785630743529,0.0907992402610706,12.638654160700455,-3.0514709724984503,-4.407412205631431,-0.031437413491141916,-0.009796349193455638,0.07234722605808312
9.865113717627402,-0.01314664721424154,12.492646416975187,-3.000952565412633,-4.429696491902057,-0.031074571729268703,-0.009718654398530696,0.06857652169407318
9.89844180451128,-0.11413957801008895,12.34920798345421,-2.8592913437583687,-4.264202189602102,-0.029659243340477356,-0.009284876245922617,0.0692733388169331
9.931769891395154,-0.20794136780111863,12.215065808211644,-2.6986030217273673,-3.8630074733555624,-0.027669831551186422,-0.00858060475685245,0.07503729093232858
9.965097978279031,-0.2915674848774399,12.094524170952843,-2.460918456104536,-3.2277361770387216,-0.024674531889286998,-0.007509179830984341,0.08244742268285496
9.998426065162908,-0.36314171651781946,11.99713534842277,-1.9851326849017512,-2.522339000526415,-0.01973804363097304,-0.005959922402433086,0.08733108438263909
10.031754152046783,-0.41723817907573335,11.92560692134931,-1.3081205205835222,-1.7709159657547282,-0.013185784596726069,-0.00402535317241614,0.09016376066992081
10.06508223893066,-0.4470921318024716,11.879482618352181,-0.49929681400733517,-0.9723539176394027,-0.005544844420165028,-0.0018238671157154677,0.09154293528904645
10.098410325814536,-0.45183540880243556,11.863262770445827,0.2917016591175034,-0.06816152778606366,0.0021311602468328888,0.000439955233267348,0.0922138146643361
10.131738412698413,-0.43289273665785266,11.879401277075758,0.9522946019167071,0.9203627534553434,0.008941984480350353,0.002556234916916797,0.09113845339939736
10.16506649958229,-0.39323757897423706,11.926564401836837,1.4717675522885627,1.9052303497816716,0.014664420270732916,0.00442919128776557,0.08731483734986478
10.198394586466168,-0.337575308548419,12.003750407867319,1.9072753526481938,2.7383143438507638,0.019496916524294874,0.0060212168062654895,0.08138617839763049
10.231722673350042,-0.2676793630820812,12.104655406919257,2.2195738087391685,3.4215519886585533,0.023139615056390964,0.007263211988322674,0.07354990469356232
10.26505076023392,-0.18776549260496583,12.224579117551908,2.4924210808960563,3.8581840683758024,0.026060271329046203,0.008202757507544026,0.06664113186502574
10.298378847117794,-0.1005315510673058,12.356681497489337,2.71176676295533,4.085110841149341,0.02819723193865556,0.008842806074136999,0.062289657117981664
10.331706934001671,-0.005611768386364805,12.49641896627752,2.9033474112693227,4.1621197756173025,0.02984099591635591,0.009280181761534816,0.06297752694780147
10.365035020885548,0.09075125843937387,12.637512597836247,2.954679226993853,4.119222405099105,0.03017394253290944,0.00933993578446973,0.06659375546642667
10.398363107769423,0.1869127754742738,12.771022198496983,2.8319366679657634,3.930242338026723,0.028888678680132517,0.008934595254166379,0.0716264410241517
10.4316911946533,0.2764435888779407,12.89310721365581,2.554244456284548,3.5124089846135504,0.02599076704584879,0.008021592907453162,0.07699503024481266
10.465019281537176,0.35482039390405934,12.997756799652102,2.149594339652846,2.861533762967156,0.02169551957397123,0.006651735706627705,0.0822471396387075
10.498347368421053,0.4168008085069857,13.080079283038877,1.5935733460861035,2.0707580350912984,0.015986637171243274,0.004876499376893892,0.0861318328063545
10.53167545530493,0.46029551241800387,13.13463063373366,0.9708636541000948,1.1659254238410703,0.009566501134902481,0.002875136919986241,0.08944169354038597
10.565003542188808,0.48201971180391945,13.160235425826809,0.3110750735404749,0.25624047111954695,0.002855765236395939,0.0008058842654938487,0.09142952164316206
10.598331629072682,0.4811201826879621,13.15529534967459,-0.36242049006892024,-0.5862404164604804,-0.0038404568332019748,-0.001221423043067829,0.09131115657531223
10.63165971595656,0.456435975739973,13.122892726048486,-1.031492174719616,-1.3245997183554152,-0.010318980391008025,-0.0031404286198087146,0.08865377583087417
10.664987802840434,0.4117645507749049,13.06661054810866,-1.683683843645367,-2.0122292994577577,-0.016579886158317687,-0.0049823221983494835,0.08521805892387221
10.698315889724311,0.347520219204653,12.989028370872878,-2.181942051445573,-2.6464651494926237,-0.021560839165824228,-0.006499036380155532,0.07955252398702697
10.731643976608188,0.26968795651129784,12.892011042112498,-2.5468949536700434,-3.1619382330784944,-0.025304506918878988,-0.00766324841635281,0.0729282922903496
10.764972063492063,0.1819391558482935,12.780144216117346,-2.7652541147187284,-3.541410821838358,-0.02767483388368063,-0.008431830650683711,0.0660790642631407
10.79830015037594,0.0862369131562964,12.65778203726549,-2.911699488375435,-3.7777089232608567,-0.029231210699169587,-0.008928770224220832,0.06219177675512484
10.831628237259816,-0.012951121063361208,12.529527550202651,-2.9174801973571234,-3.9031858276411135,-0.029498963197795835,-0.009060806278312069,0.060857189960971385
10.864956324143693,-0.10900691417904923,12.400207879091365,-2.8201508926071908,-3.8304267611114113,-0.02860862819605345,-0.008808075448613084,0.06261127757571566
10.89828441102757,-0.19754547868686448,12.275980595056637,-2.5697446158346584,-3.6065169209342542,-0.026259216918713062,-0.00812765499865311,0.06564701485799024
10.931612497911448,-0.27541704157695135,12.163144273186688,-2.191342177657443,-3.1755855228859993,-0.022549396408394436,-0.007013936299783115,0.06914462534673792
10.964940584795322,-0.3410433308252929,12.068887739837866,-1.6972698789310365,-2.558863817067266,-0.017623275162571114,-0.005517564146682534,0.07271990125053926
10.9982686716792,-0.3863858436570031,11.994833008928058,-1.046609917911184,-1.839353575472927,-0.011314427248102065,-0.0036496816459137263,0.07470049304594342
11.031596758563074,-0.41089517653610863,11.947684175000264,-0.37874559009418385,-0.9825976017293279,-0.004645527482667627,-0.0016286850032404714,0.07635931078293844
11.064924845446953,-0.4126837936543716,11.928506980294443,0.2658225488639023,-0.09803968283668141,0.0018785869258551068,0.0003686173188240491,0.07688368500987962
11.098252932330828,-0.39530411129981824,11.942469950976008,0.7948318360359239,0.8536967076970221,0.007621219164175026,0.0022261317178663906,0.07546090471280684
11.131581019214703,-0.3601871040585219,11.98637360819734,1.3181165376083193,1.74736748841665,0.013224243680155326,0.004021668786388677,0.07263872603384035
11.16490910609858,-0.31143173617487896,12.060518724493523,1.6991716984632401,2.623010039378844,0.01772041417154928,0.0055636569816123445,0.06800106432871328
11.198237192982456,-0.24890145041876058,12.157951513649387,2.0265814956712287,3.2846767159341255,0.021446114468846127,0.006811314562856773,0.062439142094293965
11.231565279866333,-0.17611789126493543,12.272933106778797,2.254369864569799,3.747249072997864,0.024061164449796606,0.007692049229464223,0.05655258751723942
11.26489336675021,-0.09772117814662395,12.402262695646428,2.4206451079054387,3.999174158001086,0.025825775617851394,0.008255678883889127,0.05243238884902391
11.298221453634088,-0.014227929617601222,12.536449551215572,2.5989240619718483,3.9796343572862014,0.027180526560255387,0.008565296857564325,0.05248479530294065
11.331549540517962,0.07472938373063603,12.665245691872553,2.6592745640006448,3.7699464102716185,0.027268717771873507,0.008467036992107109,0.05453868471302713
11.36487762740184,0.16286694391670137,12.783985411182185,2.629056982832021,3.343933544566923,0.026264486863500913,0.007989247406960512,0.058947207575276266
11.398205714285714,0.24647553949284834,12.886728202213465,2.414959840100115,2.8536352855679716,0.023728910433129864,0.007119477102059546,0.06366728341824063
11.431533801169593,0.31933570697005514,12.972767390340524,2.061032295522474,2.237144643473016,0.019892348884701583,0.005877655058284163,0.06815229052011397
11.464861888053468,0.37995025462875553,13.036331039690786,1.537933510288074,1.5882701967672084,0.014697957487037167,0.0043056262746336785,0.07177768950764951
11.498189974937343,0.4196801066967901,13.079780420047552,0.927466971188291,0.8806536307032289,0.008725353235383754,0.0025202838402502755,0.07417186342137023
11.53151806182122,0.4396238068171816,13.098074983223409,0.22425269697486316,0.22649774577573467,0.002133993947153745,0.000622748298596857,0.07549107099161459
11.564846148705096,0.43859426721768857,13.092165328200053,-0.40164165229241583,-0.46321093704408867,-0.003925186869698806,-0.0011721248176700665,0.07557246149639563
11.598174235588973,0.4141014224734976,13.065231022023777,-0.9925819297246642,-1.179589588308616,-0.009763083396643824,-0.002931247566989132,0.07328521697449324
11.63150232247285,0.3720172715029768,13.013544990513461,-1.5069743822313901,-1.9037631327950706,-0.015027024054109163,-0.004563121111348426,0.06961411958647243
11.664830409356728,0.3162001254604152,12.93768365657466,-1.8815730015232615,-2.5994724675730403,-0.019166427715915438,-0.0059200564982177595,0.06439676957424188
11.698158496240602,0.2510783666118497,12.839315196500742,-2.10624024279306,-3.214268344707129,-0.022007567422479845,-0.006930386666690273,0.05793619376045303
11.73148658312448,0.18013773862821625,12.726081021554789,-2.1857075187866806,-3.6518133828734918,-0.023405291453546424,-0.007502242574591549,0.050590320345805684
11.764814670008354,0.10715280163385074,12.600820259669437,-2.1780179649430633,-3.9023930970455396,-0.023778352360301562,-0.007724759853196191,0.04443881619760462
11.798142756892233,0.034685059488499745,12.470107507423236,-2.1471268252102305,-3.9198328787354413,-0.02352969820606678,-0.0076638020995668165,0.04127301172172899
11.831470843776108,-0.037549070197299264,12.342338191496014,-2.0866573897581953,-3.7253941771518875,-0.02265891669667825,-0.007332671036733102,0.04115148762698559
11.864798930659983,-0.11328234076361055,12.230015555821549,-2.171836619073458,-3.1842627782284616,-0.02231946995103749,-0.006922991658322287,0.04675149809278536
11.89812701754386,-0.1895375235793478,12.138649106319757,-2.294992752818948,-2.4101551714424723,-0.02190012797677016,-0.00636483005017228,0.05577013101367668
11.931455104427735,-0.25909323100968795,12.068341817819697,-2.0598460752547743,-1.7167599020310753,-0.01887745012772402,-0.005274071063026871,0.060397023060283536
11.964783191311612,-0.31117503988171713,12.015945720721678,-1.4499934324382833,-1.141227889984755,-0.013171090276121391,-0.003646421886338802,0.0603202043620664
11.99811127819549,-0.33998834890741303,11.980443899315961,-0.5607070057679534,-0.6827237911384323,-0.0055119571730074274,-0.0016452651395680088,0.05887062506976406
12.031439365079368,-0.3425811350086545,11.967454836787633,0.4254578311763957,-0.13156816412941552,0.003052814400508823,0.0006091807091101954,0.058883034876975715
12.064767451963242,-0.3190938394854805,11.980837755096594,1.2943591759824467,0.5209052891091766,0.010883456915440175,0.0027508827921329136,0.06049740132261947
12.09809553884712,-0.2727119769407272,12.01760841831712,1.8673728406441823,1.3284897018545223,0.01669389503035359,0.004526079732390208,0.06062176968388737
12.131423625730994,-0.20954397583554857,12.076819609537216,2.06495495926457,2.2048587729198523,0.019725849263997727,0.005722760311310346,0.05575163190942279
12.164751712614873,-0.13838512699391262,12.155877324562795,1.9730745820437186,2.9782261361465032,0.02036200547638457,0.006330642772413352,0.04658637212553512
12.198079799498748,-0.07099521931208033,12.257831742046054,1.8936829991022655,3.427277077355633,0.0205791710734209,0.0066635758213206215,0.03888500138812362
12.231407886382623,-0.007836934547757198,12.378751905434596,1.8926135649490194,3.6460146932825594,0.021030520913271004,0.006916905186025548,0.03494160913980124
12.2647359732665,0.05514154457400344,12.505779749771506,1.8799201383532447,3.6986467029284533,0.02108806838886362,0.006977925831451015,0.03387700376816792
12.298064060150375,0.11862805866299546,12.629292269207275,1.8785464657260824,3.5934142655139887,0.020923093137442287,0.006889562034133769,0.03645700755509968
12.331392147034252,0.18209995244440666,12.741826607447198,1.868260644527933,3.3593024105893186,0.020433687227835617,0.0066466055108505406,0.04213504047596189
12.36472023391813,0.24357721330986426,12.842954395184208,1.7942380500795725,2.8949448165062712,0.019027172410985914,0.006056619820246734,0.04850830086634198
12.398048320802006,0.2962937505235963,12.930455459972237,1.5310543311232663,2.2965599571132174,0.015917501143749943,0.004992964107310607,0.05268506061196146
12.431376407685882,0.34220192736134236,12.994039009786665,1.221323504544198,1.4856828019531143,0.012074062892510127,0.0036402289469360293,0.05672928196187063
12.46470449456976,0.3754928690303505,13.03253589882355,0.7875429572312573,0.6708908132292493,0.007271985898763606,0.0020650155048488944,0.05940538675871209
12.498032581453634,0.393404266482457,13.043186344349376,0.2651611656397822,-0.04134925183122817,0.0019709952511227768,0.00043342750780771776,0.060736991522571726
12.531360668337513,0.39343640725033363,13.029743971778434,-0.29675455800522405,-0.6648752384447221,-0.003478288303932908,-0.0011832439682874243,0.06056427982081564
12.564688755221388,0.37620202903548705,12.995933384041333,-0.807940206436339,-1.3177127450473982,-0.008591131717972243,-0.0027398637044736196,0.059099827216238535
12.598016842105263,0.3373187813725518,12.946674540558673,-1.3664667174897238,-1.8027511498354727,-0.013768894866349617,-0.004217355708482142,0.05633957970482922
12.63134492898914,0.2810902712171502,12.881652505991,-1.8977846873485467,-2.176859711384658,-0.018538169594187304,-0.005537697136517817,0.053591066544225935
12.664673015873015,0.21234050029491436,12.802229694224222,-2.3084704140087595,-2.482180256150123,-0.022254089386395524,-0.006574739782264667,0.050927254848307804
12.698001102756892,0.1343833459356661,12.712344425056042,-2.540623668982376,-2.7496678237379832,-0.024525160501875972,-0.007254413442928627,0.04791913620857739
12.73132918964077,0.0501502423668566,12.615803142945577,-2.5063686666997294,-3.036477738326333,-0.02477579490383913,-0.007474626837170583,0.04330794255660701
12.764657276524645,-0.030424833942790275,12.511317312707195,-2.3848384555825626,-3.1570119759198647,-0.02405305749325633,-0.007373572410823174,0.040802378549705434
12.797985363408522,-0.10726564984147832,12.407973569939479,-2.1305879105234036,-3.1507732620712154,-0.022075430230911585,-0.006907682256695337,0.039517136866615635
12.8313134502924,-0.17348684076262766,12.305870525087064,-1.7747475232252488,-3.0084780524991857,-0.019062929189111694,-0.006122740580097171,0.03963662613943839
12.864641537176274,-0.22818674113334572,12.212781686718905,-1.4299521945098115,-2.6247223605229273,-0.01569895263427888,-0.005119694854206535,0.04176921559564199
12.897969624060153,-0.2694069670512328,12.13488629372397,-1.131027509798665,-1.9857641425055625,-0.01223779056906273,-0.003950233578333941,0.0447628739572758
12.931297710944028,-0.30013004330151116,12.08079837751789,-0.7180038934648338,-1.2973483133516126,-0.007824482477239613,-0.00253854025308762,0.046767990989734
12.964625797827903,-0.317717719221865,12.051581114800552,-0.2912178642825217,-0.5053507848050494,-0.003134805463537977,-0.0010080120821392125,0.04811018057282386
12.99795388471178,-0.3190981695016594,12.046367641677133,0.1618698532133107,0.2763487102653954,0.0017340735808583359,0.0005556132094056471,0.04822607924031088
13.031281971595655,-0.3065886294095453,12.06880506747386,0.5857769570724951,1.0671553589819744,0.006396934092426976,0.002078516459709077,0.04721353122423244
13.064610058479532,-0.28048083338149027,12.115939737606755,0.9777683135532661,1.784546972474402,0.010695487616009488,0.003479249624884235,0.04514207374104887
13.09793814536341,-0.242657960139451,12.185931844654174,1.3215753029246657,2.391242541579299,0.014440663235362302,0.004693926388463677,0.04229985645999486
13.131266232247285,-0.19388690381479592,12.274520656310589,1.6307558399026914,2.840478346041362,0.017647103585229158,0.005697664051557625,0.03936920539875609
13.164594319131162,-0.13472507822480262,12.373067396692491,1.8468207776590073,3.1573742625380206,0.019896545592764853,0.006404451176046808,0.036399719461641826
13.19792240601504,-0.07072923884573393,12.480116936876662,1.9954282237476444,3.2899405919210025,0.021289398272953095,0.006806317784517964,0.034425782605050886
13.231250492898914,-0.0026640744365837568,12.588706203648712,2.0786219044720515,3.22486418182611,0.021813153685204038,0.006890977508087994,0.033818271043072744
13.26457857978279,0.06103420431770186,12.697961366898133,1.9481000432305697,3.110898024143559,0.020590067531952867,0.0065375204522501364,0.03251364404626398
13.297906666666668,0.12851101107906987,12.791731576185578,1.9570230919815066,2.6292166648193174,0.019786627898767797,0.006073250138907256,0.03569560235873737
13.331234753550545,0.2000766468495567,12.862050273802174,1.991463944224913,1.9352938834970317,0.018813730029575322,0.00545444394655907,0.041767954142995556
13.36456284043442,0.26443057011470406,12.914839303162395,1.8651262369037207,1.2130015084747008,0.01655195152083897,0.004523771530844393,0.04698622469162632
13.397890927318295,0.31680622402390457,12.949044201856156,1.5055153611356658,0.612812943783954,0.01270733262799664,0.0032958825208263963,0.04993260519160597
13.431219014202172,0.35213767633576665,12.96644897988572,0.9321394823242143,0.13286676925318375,0.007426673478128507,0.0018004828967240608,0.05070566156868623
13.46454710108605,0.36979111477451687,12.966230675590394,0.22642541682965472,-0.2656660037290699,0.0012698470873395882,0.00014536346569154655,0.05092248029874838
13.497875187969925,0.36794056831649447,12.949190537790422,-0.5119660844367544,-0.593060393656696,-0.005011965459244464,-0.001500039393053216,0.05123791337773764
13.531203274853802,0.3442338173465953,12.918948530794108,-1.1802029289137914,-0.9384292062522377,-0.010784952763814672,-0.00303754515710328,0.05092058919202792
13.56453136173768,0.30077590620994393,12.876741029580845,-1.6601216279132676,-1.3673180262744289,-0.015255344243660162,-0.00431908746834901,0.048718243760492594
13.597859448621554,0.24124923545378335,12.822352788320108,-1.7378643262567843,-2.0501491476266445,-0.017079462729899374,-0.00512818411544428,0.04169396066185105
13.63118753550543,0.17206154667095222,12.755229969508038,-2.03873152759863,-2.3371820207165896,-0.01991442010325791,-0.005949273185453764,0.03842431248566744
13.664515622389308,0.10317382336855131,12.671949322067587,-2.2266283084172622,-2.5293175485623536,-0.021708699975221686,-0.00647530642550727,0.03626618368892607
13.697843709273185,0.028477133387719497,12.585352817514636,-2.3094511194809098,-2.605698897999904,-0.02248423993587724,-0.006698626710141552,0.034954834491850835
13.73117179615706,-0.04751084853203717,12.49821682847527,-2.2663531683150975,-2.592969527757326,-0.02212825660693024,-0.006608151271597485,0.03462870881016509
13.764499883040935,-0.11726741674781449,12.410663803038128,-1.9957212648920315,-2.5685896483558572,-0.01999501219286822,-0.006096999424603428,0.03350504897134996
13.797827969924812,-0.17555565699157127,12.324866808445911,-1.5933474903295264,-2.468290481809678,-0.016705789308867416,-0.005273264591850563,0.03289133846543614
13.83115605680869,-0.2243917967234404,12.249633568824125,-1.21619530123109,-2.1620527167841246,-0.013240984241716377,-0.004293236523217529,0.034349290833305984
13.864484143692565,-0.26070948014535233,12.188149663145524,-0.8103096093682831,-1.693214577826538,-0.00926539432316423,-0.0031045122376655724,0.036071803390006596
13.897812230576442,-0.2820651754418787,12.143035374452616,-0.4365196378480113,-1.0686546537232893,-0.005264264608404822,-0.0018235537526716747,0.0376159812217565
13.93114031746032,-0.2909194507268169,12.12007695930393,-0.19319265494441074,-0.22311729226471044,-0.0018852966315197279,-0.0005612464230433493,0.03854574646937732
13.964468404344194,-0.29037018845001183,12.123607069080457,0.2841841654462294,0.3978232546074878,0.0028969555594614855,0.0008941160355369138,0.038588775140860794
13.99779649122807,-0.27048982614359984,12.143700888149366,0.664160403127498,1.0636986478817043,0.007007973707638695,0.0022210640677078975,0.03709733839939065
14.031124578111948,-0.24105978778604412,12.187519829327666,1.082432815939451,1.5899523214329427,0.01117267805815219,0.0034829673790371853,0.03565405622514038
14.064452664995825,-0.20202902986792048,12.250957546046251,1.437461756991143,2.0377706236848674,0.014717496881446867,0.004560962807180043,0.03402807354301479
14.0977807518797,-0.15325418946466282,12.328215328443818,1.5991334238058812,2.4769623698571372,0.016759586421410476,0.005288031095453707,0.030757216935634744
14.131108838763575,-0.09967926985361963,12.417501305703835,1.6026454400319388,2.877160441239397,0.01751430425366825,0.005693772085689563,0.026680023850589218
14.164436925647452,-0.047025778727029274,12.51691856637993,1.579472973154908,3.0823451642155852,0.017709884522507414,0.00585695660330637,0.023834198457990976
14.19776501253133,0.005814377249603854,12.618899353121044,1.4980443756500732,3.1154855016068197,0.01713527786630686,0.005740477492674589,0.021976506104691696
14.231093099415205,0.059043660119647144,12.715318557492019,1.4799800494470126,2.873440167145631,0.01654706762283225,0.005462841945923801,0.022645367307925116
14.264421186299082,0.10771319773031927,12.804380783678905,1.5045940465560896,2.381194080515751,0.015838512271705553,0.00501195466485657,0.025183500614410503
14.29774927318296,0.15458453054373356,12.876392492673196,1.409504945712615,1.8386773061091866,0.01412847119297251,0.004301582260816884,0.027513565532731973
14.331077360066834,0.20054295037188935,12.925472432314605,1.3010461602103003,1.1617175645135482,0.012091340562344635,0.0034441522910644206,0.0304810107177745
14.36440544695071,0.24152921569852778,12.951894074393557,1.1113772067443453,0.465369686348172,0.009397021209300442,0.0024294658033323134,0.0330338840374791
14.397733533834588,0.27182771796129357,12.958667788543698,0.7634576967781171,-0.13515420051700744,0.005647065260052318,0.0012269751664909312,0.034218690864226076
14.431061620718465,0.28888192096644627,12.946561298906264,0.30501095978080484,-0.6363273598914212,0.0012155449265738574,-7.937738481927025e-05,0.03451863791802754
14.46438970760234,0.2884186870023265,12.920368720207902,-0.25519820941954,-1.0154753455590786,-0.003785711542432375,-0.001452949501696763,0.03415849966959187
14.497717794486215,0.26729109784279215,12.88487520967485,-0.8764951473343878,-1.2459284946453089,-0.008991491985750383,-0.002792419502446934,0.03358272164797323
14.531045881370092,0.23134872139183243,12.83730352431589,-1.356711640042724,-1.5202654236439592,-0.013187794427804947,-0.003923102050995489,0.032689740748013736
14.56437396825397,0.18577116578517827,12.776435879012933,-1.6868018504138602,-1.8107721864095545,-0.01625571968115231,-0.004801210098077495,0.03124867963384237
14.597702055137844,0.12690088672723432,12.71165063363879,-1.868180527455999,-2.070917705124433,-0.01812148079159612,-0.005382090158157409,0.028700990778414648
14.63103014202172,0.0622962500536708,12.640409456066282,-1.8569060963698596,-2.3451224779316355,-0.018526736659813078,-0.005631191904898495,0.025327265124028445
14.664358228905598,0.0013299588703436897,12.559791557962003,-1.7744431263024316,-2.495673592415468,-0.01816099384892912,-0.005631088213849977,0.023143002420162123
14.697686315789474,-0.05707210021766292,12.477463870620277,-1.6729751989981552,-2.480348377618437,-0.017348873822293734,-0.0054326211499846205,0.022754822844920353
14.73101440267335,-0.1107422738333474,12.397420540319853,-1.5101253995970514,-2.3425430266541447,-0.015840928155656523,-0.0050022510207977,0.023397874193206582
14.764342489557228,-0.15613636992459312,12.322480019929873,-1.3130575554869002,-2.0511220697139123,-0.013791361356571642,-0.004358398632453438,0.02478259245677416
14.797670576441105,-0.19448354610549723,12.259793394473089,-1.0355995318960365,-1.6670666040765383,-0.010958093976688578,-0.0034813506884402963,0.02612887282036348
14.83099866332498,-0.2254917209401056,12.214658306673806,-0.668896252116676,-1.2300735271542607,-0.007347436477587447,-0.0023969930845492695,0.027310180419894477
14.864326750208855,-0.24142877209756342,12.182903267643475,-0.29966139411243115,-0.6783327606326637,-0.0035155075090010403,-0.0011975478687627993,0.02805944182158248
14.897654837092732,-0.24264913502285101,12.167316847745465,0.07691218141677764,-0.08589863201494552,0.00044093932380818166,5.201558140144433e-05,0.028131296569072532
14.93098292397661,-0.23273463704494984,12.17279185406403,0.5222803532148392,0.4150543829711175,0.004762710628067254,0.0013319297683584293,0.027966387328387483
14.964311010860484,-0.20972619262186729,12.195575064417383,0.8997699125394955,0.9256795778558775,0.008577963491811662,0.0025011821726057277,0.027310872795306057
14.99763909774436,-0.17590336842647697,12.235015644425847,1.1546654332665487,1.4321682351622194,0.01144275473906428,0.0034511825284300954,0.02567660737640329
15.030967184628238,-0.13658265273154385,12.292539044171676,1.3160803311836737,1.8949591401421024,0.013516741438714341,0.004197491002517496,0.023498138424317742
15.064295271512114,-0.09245719653880899,12.363481991172131,1.3741480205786978,2.30064851064272,0.014699105747180505,0.004706811101498662,0.02085802499464387
15.09762335839599,-0.046806845123781374,12.445075847514229,1.340996105439913,2.6105063028267814,0.015011413754304538,0.004959652333609061,0.018196138721869932
15.130951445279868,0.001743797477546077,12.52972044013196,1.3856172279306345,2.6538633537503706,0.015442779698294062,0.005087064255481919,0.017542298011390116
15.164279532163745,0.05050458277169581,12.613925428539618,1.4774787363241813,2.455532143431334,0.015798935119260026,0.005059105929196871,0.018791751839354852
15.19760761904762,0.10212797131461768,12.688400111367425,1.5701874249551253,2.0608543384343676,0.015805216991226435,0.004837688764361825,0.021495470340622276
15.230935705931495,0.15289899786934885,12.751071262273891,1.5541111318712524,1.6143513761124275,0.014879571853869877,0.004369988957697434,0.02432326608288638
15.264263792815372,0.20202896345014215,12.797549737526392,1.4387387903216289,1.1182885193019807,0.013100604676263646,0.0036767203883390095,0.02715837433083939
15.29759187969925,0.2424680422191542,12.83032571589539,1.1116950201353841,0.715924795793569,0.009857258801008219,0.002695997214268079,0.02849477965540102
15.330919966583124,0.2711366524223141,12.849169127389114,0.6413182312833621,0.3924144333016386,0.00564967537033057,0.0015352639983534904,0.0291664073749427
15.364248053467,0.2836093594740956,12.857117413411327,0.0942049112144937,0.09988039243487279,0.0009056635373243581,0.0002669603792062424,0.029437284638931412
15.397576140350878,0.2797041374067831,12.854234493168466,-0.4193666401608017,-0.2082506464715408,-0.003607679965037636,-0.0009565212003632718,0.02948274135519373
15.430904227234754,0.25920370132861315,12.840841643094759,-0.8215748027504443,-0.5838913705980424,-0.007383200418463263,-0.0020463483113281116,0.028520644747286272
15.46423231411863,0.22792542361361376,12.813473947420526,-1.1514990610188682,-0.9559800626843149,-0.0105948158496474,-0.0030029672906327362,0.026997360418219957
15.497560401002508,0.184815649148645,12.776458626827226,-1.3820877189121195,-1.317479093276333,-0.01302111851768327,-0.0037708068605680693,0.024570389597261297
15.530888487886385,0.1361383079154592,12.72715453207708,-1.53003448370917,-1.6293757638862871,-0.01472142120431371,-0.004342115163331692,0.022041466708560303
15.56421657477026,0.08255122178831774,12.669955090359053,-1.597904016125521,-1.8823872130825379,-0.015698818208302275,-0.004712257648529195,0.01972740536073706
15.597544661654135,0.02896672945740324,12.604915326212911,-1.6477648668652105,-1.990265420288079,-0.016277436720261933,-0.004908022432289612,0.018644888526493753
15.630872748538012,-0.024496349982137167,12.537235436750755,-1.5696043024814124,-2.0564197900899757,-0.01579345769615662,-0.004832820033243437,0.017599564971999944
15.66420083542189,-0.07324409410913747,12.467798918578529,-1.4085973821443845,-2.0426352597856834,-0.014525918516588594,-0.004529704662812061,0.017108892715106502
15.697528922305764,-0.11441155705793787,12.399016683966238,-1.1250948507994505,-1.991324687504079,-0.012243691345996805,-0.003968808113311888,0.016624144180779003
15.73085700918964,-0.1489319233755695,12.337590265243069,-0.8769553848407653,-1.7663920266050432,-0.009921479337091445,-0.0033008586829824495,0.017390633827511267
15.764185096073518,-0.17829064104469114,12.289416128225831,-0.6949759050662703,-1.3261009237738506,-0.00772679918276686,-0.002541457870344266,0.018978120878032113
15.797513182957394,-0.1982541903504624,12.254765092617358,-0.4903470564077581,-0.7912235030138213,-0.005191713648056571,-0.001650110450077813,0.020123735030315896
15.83084126984127,-0.20812921846917903,12.235421088840283,-0.19204624137791385,-0.2893485017650512,-0.001996171980206225,-0.000625741075470878,0.020497830407757656
15.864169356725148,-0.20615084169909234,12.231164466648544,0.142814145950815,0.2042351141101051,0.0014646840536738119,0.0004543990296678656,0.020317459493293884
15.897497443609025,-0.19387819192360817,12.243105940895509,0.5211726190835408,0.6154858850552714,0.0051140816915541485,0.0015308402202338974,0.01999826039723323
15.9308255304929,-0.1723093862217898,12.270735955759871,0.869475771614954,0.9704200279140096,0.008432863584340155,0.002499775826797543,0.0195957052188409
15.964153617376777,-0.14117744203560906,12.310927169362321,1.1480513057187614,1.2848059833727206,0.011143358202117093,0.0033063045660463733,0.018861847166339707
15.997481704260652,-0.10003581653954555,12.358925501466379,1.3454045642346855,1.5497692103158052,0.013139634254640034,0.0039197606568928435,0.017778789970835148
16.030809791144527,-0.05338884844905749,12.414351548949696,1.3459777586035946,1.869134101354149,0.01371665450580936,0.004236253258484689,0.015617851685595593
16.064137878028404,-0.009464367873305003,12.48062295750021,1.2591704990083432,2.128671533525413,0.013517947887864968,0.004340305538186049,0.013661816701742917
16.09746596491228,0.02892866047718784,12.556091925737487,1.148636650591853,2.261575669494487,0.012911905695335433,0.004277392285993863,0.012506926886950112
16.13079405179616,0.06349798794497137,12.630585471018733,0.9797466770422847,2.22405747055533,0.011545251683440037,0.0039392171971899615,0.01151073549791761
16.164122138680035,0.09362605196531872,12.70155801173735,0.7936099073127949,2.076091007796318,0.009841138494031202,0.0034589455371359405,0.011338512110379726
16.19745022556391,0.11910466440979131,12.76484071294512,0.6413268026721415,1.7690889970188124,0.008109268051244569,0.002882226580769949,0.012035899835235245
16.230778312447786,0.14060558152260588,12.814977172109609,0.557169853498314,1.2988438072450563,0.006613146252691479,0.0022677634081852433,0.013374505851835533
16.264106399331663,0.1663724296427785,12.840952395954194,0.7193282428858208,0.5141985031438914,0.006464392899579189,0.0017871966841646447,0.01609577759094442
16.29743448621554,0.18762394302747343,12.849707438502403,0.7120242389586935,-0.14639741891629754,0.005229689901665945,0.0011277646151061228,0.017633569916497886
16.330762573099417,0.20230759792540048,12.841965080495441,0.4375961680169995,-0.558700740844067,0.0023752164906861517,0.00023477520901210092,0.017696136308650644
16.364090659983294,0.20663392564011715,12.82153729471414,0.01617129345155799,-0.819182567811378,-0.0013430007052533653,-0.0007746279349007275,0.017331106343853042
16.397418746867167,0.1992173286263108,12.791412650167002,-0.46278767050369035,-0.9909669427727366,-0.005345990676660795,-0.0018019867697289227,0.01728630691837376
16.430746833751044,0.17833057638800748,12.755244887813774,-0.9293725455655424,-1.113013984493037,-0.00916367809395975,-0.002758852831187295,0.01761174599993503
16.46407492063492,0.1459745190179201,12.711775894740072,-1.253658492378606,-1.2150554814697756,-0.011847706555001884,-0.0034407473362303327,0.017253623413072895
16.4974030075188,0.10356455058581211,12.666651739966806,-1.402782977708203,-1.3852762393258722,-0.01330307454281205,-0.0038752156044468194,0.01587231120628918
16.530731094402675,0.054530825697619106,12.619632645647199,-1.388398566377447,-1.5865702191612634,-0.013553233333683582,-0.004046889890121504,0.013692493662167102
16.56405918128655,0.005317752392523592,12.568285567233636,-1.2869278018303703,-1.7427815464559124,-0.013050890813677333,-0.004018101271955122,0.011907722516429266
16.597387268170426,-0.03486718434438435,12.508360695204535,-1.3001208622410059,-1.6526239619375325,-0.012990135337906829,-0.003952712951091423,0.012301036722785982
16.630715355054303,-0.07524252671459973,12.453903536341244,-1.1735343208810203,-1.5658839481287075,-0.011857160841856344,-0.0036397190126276307,0.01234793317424493
16.66404344193818,-0.11020979726810931,12.403644860863324,-0.9443825593513584,-1.4453199698802024,-0.009872059062603517,-0.003109520402063434,0.012310655769341233
16.697371528822057,-0.1389405007513327,12.360377394091424,-0.7161611753335873,-1.2090219451571045,-0.007686858649511012,-0.0024677836933538464,0.012846585803580168
16.730699615705934,-0.15760739100508983,12.324386165699819,-0.4333904741253471,-0.9265469257700296,-0.004998404709280568,-0.0016835706211324676,0.01319424199180861
16.764027702589807,-0.16914780057643355,12.301380554143204,-0.17757213351796114,-0.5425008978213057,-0.002338094916457378,-0.0008492481677186847,0.013671680291911075
16.797355789473684,-0.1715637274175401,12.290878966704469,0.033934175176150355,-0.08136460058574002,0.00011653495292582728,-1.9274631563343817e-05,0.013863995276674238
16.83068387635756,-0.1678517300372643,12.296270827897834,0.2132333474938966,0.39179157666346853,0.002343566723139741,0.000764838279881858,0.013690663599488376
16.86401196324144,-0.15542099694754552,12.314336057694051,0.4649845477790665,0.752287708200793,0.004929091601606564,0.0015681750325970555,0.013203382322324318
16.897340050125315,-0.13406442211077602,12.342468849555459,0.7464671969820819,1.0128068538189332,0.007566155239682221,0.0023271503931401863,0.012737641967370893
16.93066813700919,-0.10450442336970285,12.378673436048821,0.9900828679292775,1.209702003178574,0.009797917328400515,0.002956553854694491,0.012277763533245903
16.963996223893066,-0.06951563614692939,12.42284775893696,1.169281668423982,1.3610603181115515,0.011452216501503014,0.0034268797411362633,0.011868557908445028
16.997324310776943,-0.02984638208099158,12.471146814979274,1.256886221927545,1.4721444058601492,0.012328121565459878,0.003693920087950744,0.01135257238739422
17.03065239766082,0.011457115501897451,12.521954416024684,1.2917345391650117,1.5104185086455253,0.012666939263948986,0.003795177574196236,0.011221691684661965
17.063980484544697,0.051971594182303044,12.57359260299626,1.1402452414932425,1.5926456828779507,0.011647527998911516,0.00360566874864227,0.01031342598646105
17.097308571428574,0.08880124554807739,12.624679728176982,0.9991448024396595,1.5319864444611149,0.010452141153020395,0.0032942728863738454,0.010307507397252037
17.130636658312447,0.121277625324268,12.67128348720712,0.8502743603778158,1.3560219329553078,0.008989367928172197,0.0028552415155570646,0.010854816301923878
17.163964745196324,0.14650107565187043,12.712347502101135,0.7155031651852679,1.062160149120782,0.007423217892596708,0.002325421540437937,0.011684196538052534
17.1972928320802,0.16711239061480138,12.74219639528366,0.5283839108492745,0.725502782800902,0.005376221352043475,0.0016594785719080182,0.012375684955517387
17.230620918964078,0.18029325254506356,12.761508067454955,0.29193880628362495,0.3969571374013299,0.0029633972144937864,0.0009130268126645493,0.012803178317586494
17.263949005847955,0.1861637436637299,12.768836474906816,0.05412153898673791,0.05315764372955556,0.000512723623424322,0.00014921646898113857,0.013038414908871164
17.29727709273183,0.1837900542992132,12.765583225130731,-0.18502211176445968,-0.2815892833538065,-0.0019319335859100187,-0.0006080851688430183,0.012937653521682298
17.330605179615706,0.17334857755245242,12.751864592124495,-0.4423327128237926,-0.5515722879329559,-0.004400580218269449,-0.0013344757439240906,0.012557886786543496
17.363933266499583,0.1553909224997706,12.728730690522223,-0.6826746664291059,-0.7797430397773368,-0.006663414934779118,-0.0019894589442369026,0.011979617064189402
17.39726135338346,0.1292325010370041,12.699503959490668,-0.8331954744117714,-1.0132026313807323,-0.008243021785743154,-0.0024884995225855316,0.010839958050463549
17.430589440267337,0.09975648668591366,12.662697650389841,-0.9589545695252938,-1.1781351907729807,-0.00950872559427106,-0.0028758819790884634,0.009829062465991632
17.463917527151214,0.0662589498347187,12.621576073694495,-1.054595585625245,-1.2798004694161236,-0.010428542762450808,-0.0031470682252354282,0.009019145430059865
17.497245614035087,0.030534573965129992,12.577760982774922,-1.0819678151596963,-1.3460012527871683,-0.01075808423849961,-0.0032608698741042196,0.008298949688670594
17.530573700918964,-0.005513681609708814,12.532917436321338,-1.0708711474686428,-1.335012358100503,-0.010652303325955318,-0.0032297908192170915,0.00794543090090733
17.56390178780284,-0.04046598419358275,12.489861589347777,-0.9920435468542272,-1.2834207878608979,-0.00995128375610239,-0.003037374139827713,0.0077711963084029344
17.597229874686718,-0.07055963862459179,12.448059890577706,-0.8599942839889156,-1.174682836595796,-0.008736966706833188,-0.0026932328197391492,0.007770466032698985
17.630557961570595,-0.09580693242594315,12.411115280644818,-0.6839403995816031,-1.0158765555995046,-0.007093565474767387,-0.0022212341318675545,0.007918138066979712
17.66388604845447,-0.11519647759655834,12.381298687970055,-0.4685969660442732,-0.8020626167520604,-0.005049018379753192,-0.0016253216460803232,0.008099820284746794
17.697214135338346,-0.1274018650933029,12.359356405914571,-0.24270482561884305,-0.5295200550829477,-0.002818567486442102,-0.0009534315974040777,0.00831999274877842
17.730542222222223,-0.13313865873170547,12.348132146195198,-0.04387597127420503,-0.19638248231929722,-0.0006893637760787453,-0.00027106683809007914,0.008533354826608356
17.7638703091061,-0.13124288411616136,12.347159493419845,0.14176946995158235,0.14656273717355717,0.0013552053889706104,0.00039709673127775373,0.00849810502974015
17.797198395989977,-0.12351494367564449,12.357293685563235,0.31946079641288816,0.4713895241017845,0.0033061467861957095,0.0010333736019834034,0.00826828005470452
17.830526482873854,-0.1094878470847361,12.376660548141963,0.483851785637411,0.747949424956861,0.005068790992490579,0.0015988615612767122,0.007829779410303762
17.863854569757727,-0.09038285077362543,12.40457301837779,0.6528261343180215,0.9439330570006632,0.006723465358479275,0.0020940288403084647,0.007391001496643915
17.897182656641604,-0.06641620268511254,12.438664808377238,0.8050348687624926,1.0691429532105161,0.008122606829362305,0.0024901615562148106,0.007023292423604171
17.93051074352548,-0.037930597607068295,12.475926993382277,0.9103085987962911,1.1492884596863355,0.009078995873153695,0.0027580823297642144,0.006704291326693099
17.963838830409358,-0.0038600554812650485,12.512484235092112,1.0420649190054618,1.1186955381898613,0.010040547906339382,0.002964327131439178,0.0070934955131525005
17.997166917293235,0.03156480716089132,12.549174322044767,1.0783693553164957,1.075852633879677,0.010243891302181285,0.0029874610722088486,0.007445126893757283
18.03049500417711,0.06461663735709343,12.585856387158893,0.98210946703798,1.0617389860448299,0.009476577576642898,0.0028014510092001076,0.007400298274855735
18.063823091060986,0.09208718785202259,12.62301238511167,0.790223331480495,1.0458867754681265,0.007969086779976254,0.0024425999371580315,0.007150785612054825
18.097151177944863,0.11349203203966347,12.657889359895371,0.5231134685533064,1.0114425364965314,0.0058481038349026135,0.0019303351323498382,0.006883553138811317
18.13047926482874,0.1274891992966899,12.688589925424445,0.26585853440854235,0.8831824914059858,0.003634511094461369,0.0013432726504920825,0.006898621306927956
18.163807351712617,0.13701887078388664,12.709861447440293,0.10718818005519559,0.6023704337165654,0.001907134392024727,0.0007831826211507279,0.007290519143522065
18.197135438596494,0.1406552881966302,12.72205114684663,0.00427684787255958,0.2379336324049639,0.0004597381019249276,0.00024107904424971148,0.007529274501147286
18.230463525480367,0.13808240363401497,12.725284578769767,-0.07671047615318063,-0.13922887390127414,-0.0008412807171654011,-0.00027415352363664307,0.007409345197451467
18.263791612364244,0.13047296556945512,12.71890364382698,-0.17815228437262937,-0.458300980975455,-0.002195797901871343,-0.0007690744836138837,0.006991659744738181
18.29711969924812,0.12041570805653448,12.701675482712119,-0.38490179919587203,-0.6313150221598711,-0.004100665282440411,-0.0013096646499074047,0.006739000302915911
18.330447786132,0.103151453320275,12.67988429731935,-0.6259870089538354,-0.7003233823109838,-0.006083746799129871,-0.0018098334352501621,0.006564336136772337
18.363775873015875,0.08100106140101013,12.653448131095999,-0.7888060856122054,-0.7744690973507176,-0.00747244296891954,-0.002174666618728927,0.00624806731379936
18.39710395989975,0.056470602168789547,12.62282541929645,-0.8144386222972166,-0.9178582559649016,-0.007927355752377028,-0.002361334076921928,0.005473034798678214
18.430432046783626,0.032250133832527034,12.586472072969991,-0.7017856865253954,-1.1498453929672685,-0.007474566543403987,-0.002386739987351538,0.004330076742954337
18.463760133667503,0.011160715263584337,12.546747964826423,-0.5094864735428308,-1.3241531740895596,-0.006303263643120229,-0.0022124475562905676,0.003133800959415004
18.49708822055138,-0.0038628842974909186,12.504854903737222,-0.3587194132872187,-1.3133406541963595,-0.005118371531309349,-0.0019307598298703012,0.002450349741014353
18.530416307435257,-0.014997750549426932,12.465675463081537,-0.24379486685232601,-1.1657807090427532,-0.0039636275229983815,-0.001579319985509026,0.0021665861394420767
18.563744394319134,-0.023063364202443308,12.4287162250943,-0.18454902343601023,-0.9908705988790558,-0.0031889914225431077,-0.001300895702248182,0.002396415339961078
18.597072481203007,-0.0291465298485706,12.397503219246037,-0.1849621180753725,-0.7564150523684674,-0.0027700470150123753,-0.0010705783447080535,0.002867625600328571
18.630400568086884,-0.03481602647505385,12.375014846875809,-0.21837294349974595,-0.4734445141341226,-0.0025229577338651376,-0.0008513655960100007,0.0033445301579113633
18.66372865497076,-0.04402976747236895,12.36699114427654,-0.25858620099962215,-0.1479693778086819,-0.0022564334281538452,-0.000603418939208609,0.003632673462998053
18.69705674185464,-0.05356303615023457,12.371004658756126,-0.2760839752001531,0.20935484620555656,-0.001757375792745259,-0.00028489351491463896,0.0036756993982357492
18.730384828738515,-0.06042301334222803,12.383453455021506,-0.20336430462132718,0.5158448131030511,-0.0006499502452296234,0.00014397358947716948,0.003475335888241303
18.76371291562239,-0.062221856497636924,12.401548147110733,-0.027040483503743093,0.7724136156251866,0.0011697281757141098,0.0007094723850891315,0.0032651204685652255
18.797041002506266,-0.05807226135165807,12.42694489137826,0.20792355101774004,0.9108115022010033,0.003231898566737339,0.0012652259154628909,0.003242611770177575
18.830369089390143,-0.04823688510203643,12.457566121786556,0.43381626942801904,0.9221711089031324,0.004996718811888989,0.0016813806599235768,0.003359535620736641
18.86369717627402,-0.03211513927750405,12.489500041292768,0.6240365455973456,0.8403050311510754,0.006318360953125482,0.001942593281586757,0.0034983844805942183
18.897025263157897,-0.011196907616531738,12.518653696951233,0.7228655212588887,0.8111293769235566,0.007028729111264212,0.002091507489528987,0.0035821859338233163
18.930353350041774,0.01279408627873447,12.545900286026331,0.7208040440173611,0.8082463175705499,0.007007827603206556,0.0020851307154886524,0.0034454610168944528
18.963681436925647,0.037813354425198696,12.570923689844882,0.6605539018587112,0.8074107864976732,0.0065416838510637156,0.0019762948049874126,0.003382338241241732
18.997009523809524,0.0589334294751238,12.596634389571182,0.5923861014991334,0.7443168084591676,0.005903052146192326,0.001792340673739218,0.003504533225072334
19.0303376106934,0.07624590696615703,12.620837675594847,0.503295596120764,0.6355868587052882,0.005021230114122508,0.0015260915100665218,0.0036696173494807924
19.06366569757728,0.09053713741674793,12.640150941544023,0.3882498013848612,0.5070157976479521,0.003903515787690711,0.0011937139703425076,0.0038551477352076033
19.096993784461155,0.10337566716756164,12.652018424993177,0.290650205126584,0.31284414497221746,0.002802568644918989,0.0008281779375884701,0.004196073793425544
19.13032187134503,0.11080433851251187,12.65944644588122,0.14511698916611845,0.1306119706144777,0.0013533886806359923,0.00038839651857183234,0.0043432440500757764
19.163649958228905,0.11227934933614259,12.661602709338952,-0.010373759587615564,-0.043298869110770966,-0.0001576597824218847,-6.108098776560217e-05,0.004346730240462925
19.196978045112782,0.108542749073154,12.65838761055171,-0.18427880576600825,-0.18590541494798885,-0.0017545788259350817,-0.0005128822047774605,0.004269258958330073
19.23030613199666,0.09936118966577898,12.650857670482525,-0.34111986240221626,-0.30657337456789335,-0.0031805669482537612,-0.0009125727423304169,0.004087938769226474
19.263634218880537,0.0859767978315745,12.638759598406423,-0.4748388088859681,-0.4041251891689335,-0.004386782194548509,-0.0012481221560963261,0.0038369238142604524
19.296962305764414,0.06963765477636859,12.62274407304881,-0.5845894730881309,-0.4767685832632118,-0.00536347252353157,-0.0015162401186996114,0.0035800912880111415
19.330290392648287,0.04951126521356354,12.60520282915624,-0.6384328856506887,-0.5495606397099699,-0.00590930299471908,-0.0016842584983626523,0.003177078631124604
19.363618479532164,0.027889635308312406,12.586051116944832,-0.623048343297042,-0.6326579102283141,-0.005939735382833586,-0.0017382062327082266,0.002656692535486528
19.39694656641604,0.00664433807073018,12.565303924087246,-0.5840721683873217,-0.6775715373304685,-0.005719720926895563,-0.0017123569617031442,0.002263611814698408
19.43027465329992,-0.011972914904010735,12.542603056796604,-0.5702411609020677,-0.6420495047858239,-0.005549293793955702,-0.0016526606072931453,0.0021939543610970708
19.463602740183795,-0.02972669985825338,12.521758825220424,-0.49940472008358694,-0.6069945288148269,-0.004940084940925808,-0.0014911784438752292,0.0020840299594125887
19.49693082706767,-0.04418944400985766,12.502092997603075,-0.3933396911066868,-0.5479522174956521,-0.004016129550014363,-0.001242957401394653,0.0019912743931515373
19.530258913951545,-0.054871318772592326,12.48440788888568,-0.2623203303332712,-0.4794177455370061,-0.002882661105488075,-0.0009406746625115442,0.001954658133328818
19.563587000835422,-0.06185421283114298,12.470880279763087,-0.13692304934552485,-0.3646476000550152,-0.0017096755070036005,-0.0006031845453131481,0.001983631554924223
19.5969150877193,-0.06597104485879875,12.463168359215889,-0.05057588833885501,-0.17719671739572362,-0.0007076724421531522,-0.0002644861888158097,0.002058502512134662
19.630243174603176,-0.06633560058651977,12.460607085314892,0.03065496348731349,0.01785124948910166,0.000268406050987133,7.245761092101873e-05,0.0020729015826005384
19.663571261487053,-0.06367117959961222,12.46357200450947,0.11795921530598164,0.18999993098506707,0.0012502549279618884,0.00039781847894528857,0.002034948862502558
19.696899348370927,-0.057824555528839694,12.471551193398966,0.1950596307910894,0.3401470345274227,0.002114025428744707,0.0006833344328527229,0.0019278081396067715
19.730227435254804,-0.04891796966345144,12.483457626111969,0.29503287284830293,0.4243209350008108,0.003035982138676323,0.0009451721833896037,0.001827702228844732
19.76355552213868,-0.03712225570393625,12.497927663867507,0.39836167335975264,0.45929607472551837,0.0038956223782035636,0.0011647877793445993,0.001772504860056312
19.79688360902256,-0.023646533044226214,12.514706415713295,0.4594226705871941,0.4860191633875175,0.0044145192388970215,0.0013005603527986823,0.001678786684955218
19.830211695906435,-0.009478511075089086,12.532935417653587,0.45003837053170725,0.5347169945789716,0.004429568706813881,0.0013315902603497692,0.001456136909328925
19.86353978279031,0.004014118939484148,12.553723893376233,0.37812023224409874,0.6484010777682307,0.004078979112864493,0.001314243400906696,0.0012130063901057008
19.896867869674185,0.015403041694311054,12.575580898414795,0.2828974364925638,0.6991154872331258,0.0034357342671291996,0.0011932677385058411,0.000979040043388613
19.930195956558062,0.023884807327056258,12.5964899348781,0.21059467109906405,0.6297051648011021,0.0027536334555959222,0.000995483867185542,0.0008343179853587165
19.96352404344194,0.030701311572561975,12.61327351594905,0.15195711836364822,0.48266164765752606,0.0020375664895062938,0.0007460251122666967,0.000764570083011177
19.996852130325816,0.03579308639925885,12.625360382877814,0.13042545639578904,0.27871087233511105,0.0015056492731962317,0.0005073029903757892,0.0007865789543815751
20.030180217209693,0.039952866829904544,12.633929125194248,0.14246755370518616,0.09707471999842454,0.0012727679897151548,0.00035068814668006907,0.0008929624556353257
20.063508304093567,0.04454954817258173,12.636535786094717,0.1531085268716453,-0.05207612644483817,0.0010873820265815198,0.00022346911153513541,0.001002115986505381
20.096836390977444,0.04965578892698544,12.633002785721917,0.15331179737093786,-0.169992677821039,0.0008774451654294341,0.00010821043096244463,0.001091663833983087
20.13016447786132,0.05656852937956089,12.622477508278289,0.1909691109364371,-0.3167794658245917,0.0009045075949105654,3.1804506559389076e-05,0.0012430855703122387
20.1634925647452,0.0627835326930988,12.60789575217752,0.186656214353893,-0.44370341361844723,0.0006437513717399148,-0.00010051740415052088,0.0013653984239492452
20.196820651629075,0.06706746279104608,12.591721577179332,0.12538305330390212,-0.5813820863985271,-7.5023536427808e-05,-0.0003456087554109206,0.0014687192635730582
20.23014873851295,0.06820174091912584,12.572795111217474,0.007256725354663353,-0.6534761815798618,-0.0011140007545679593,-0.0006280548401475601,0.0015780963738760059
20.263476825396825,0.06543195329674138,12.553078067655324,-0.145805102404689,-0.6241395929738047,-0.002240550570412442,-0.0008730024369720147,0.0017127136865385225
20.296804912280702,0.058474045775657686,12.533961181607332,-0.30056667845457324,-0.5141846198386268,-0.003236488537911558,-0.0010413338095412806,0.0018364769372681807
20.33013299916458,0.04751687529464173,12.517317568504913,-0.4229510853360801,-0.370838327166247,-0.003923884573201039,-0.0011189363447416413,0.001869768768529016
20.363461086048456,0.031896160584932845,12.506904627906177,-0.5162524260083431,-0.24639574917120655,-0.004421451659529359,-0.0011638965745164656,0.001828315060254378
20.396789172932333,0.014418671415989456,12.500348744543379,-0.52195119139064,-0.1564512283004369,-0.004304994346288053,-0.0010867198723336958,0.0015694609580968709
20.430117259816207,-0.001992015949707172,12.496194602382598,-0.4452521369204052,-0.11176721582377169,-0.0036337829630561373,-0.0009064752665908352,0.001199181149040586
20.463445346700084,-0.014292947317538492,12.49270209777158,-0.3577845412265887,-0.051192554692473635,-0.0028508830366970775,-0.0006908789486383493,0.0009609355482461696
20.49677343358396,-0.024403813374667904,12.491875838859253,-0.24452041374566266,-0.0040352248507034005,-0.0018929581864220253,-0.00044202708178334404,0.0007896018217388456
20.53010152046784,-0.03092402839919589,12.492706625833872,-0.12280209220049437,0.040777154935483395,-0.000873964510917565,-0.000180078673260925,0.000705410546673601
20.563429607351715,-0.034046816169072416,12.495388450101515,-0.015412244717566859,0.09796941871577047,5.67584592134208e-05,6.847853481026384e-05,0.0006916436206908156
20.59675769423559,-0.03354645517819202,12.499931118075725,0.0706289302680187,0.14775073676631578,0.0008095774194560974,0.0002715655958036061,0.0006845082988790545
20.630085781119465,-0.029867811573727008,12.50569265804915,0.12892754393649233,0.20583781437602156,0.0013633376076677684,0.000433082216843224,0.0006490771477289546
20.663413868003342,-0.023120995489774396,12.511962041476465,0.18915213426005983,0.24599989091953844,0.001899788245125552,0.000580454499457491,0.0006124812330881915
20.69674195488722,-0.017069810494538373,12.521872488403563,0.2331270414600391,0.287831176548913,0.002313978868701813,0.0007003807578338432,0.0005927143741816751
20.730070041771096,-0.008891657793847055,12.531657876682395,0.27460236836840335,0.2925989526920816,0.002642406105458284,0.0007794490529715744,0.0005830229424748338
20.763398128654973,0.000607430808869593,12.54108840883849,0.29153591652690963,0.28982093595234204,0.0027680143173690517,0.0008070880850083723,0.000564487072231465
20.796726215538847,0.01041998648980659,12.55074083458107,0.279913084062333,0.2897460843690922,0.0026782432441884987,0.0007861706122786838,0.0005376110101727657
20.830054302422724,0.0196558598086596,12.560069905562877,0.2642744039548,0.2709071760071282,0.0025238581035103946,0.0007396481469465761,0.0005505853535420456
20.8633823893066,0.027805500760229425,12.568677191730488,0.2231099288504132,0.24772519287105865,0.002164835362289645,0.0006430961640432393,0.0005499880655522442
20.89671047619048,0.033935826490831225,12.576714813383076,0.17016399902987506,0.21335066880761744,0.001694896275400943,0.0005144466205696424,0.0005467440946387846
20.930038563074355,0.038169773773935205,12.583339138222716,0.10562280580961739,0.17195772050328273,0.0011229447319976154,0.0003581098486604041,0.0005403920794124781
20.96336664995823,0.0405704558727345,12.588296208487648,0.03833068871103725,0.12519356065407194,0.0005201364835497479,0.0001915577111639954,0.0005413580230567703
20.996694736842105,0.04204309916824105,12.590186821672289,-0.024506074244864687,0.06384555373749023,-7.448296963982672e-05,1.8679713158578377e-05,0.0005627948341402748
21.030022823725982,0.040627828075799684,12.591173387182401,-0.040771354044587434,-0.04073496001718979,-0.0003874874909361703,-0.00011308635225613841,0.0005402181258306251
21.06335091060986,0.038872540023240726,12.5885767375633,-0.06622800883248285,-0.11407647124632447,-0.0007153480555033382,-0.00023068951016051638,0.000517243572656013
21.096678997493736,0.03601988003125148,12.584006132051286,-0.08852361965335394,-0.16953789834407118,-0.000986753956308122,-0.0003250794142167587,0.0004759912607679236
21.130007084377613,0.032288684068512055,12.578103796274368,-0.11302864859439242,-0.21031706713586829,-0.0012488565235368506,-0.0004090238898269324,0.0004311283856813179
21.163335171261487,0.02759422885998298,12.571255881116695,-0.15661909953657258,-0.21311746719809577,-0.0015900283161996043,-0.0004899336233906798,0.0004033717792437289
21.196663258145364,0.02246495577468874,12.563415250721313,-0.1778014938534938,-0.21919850886171943,-0.001764265515258428,-0.0005338652080507105,0.0003650933484793634
21.22999134502924,0.016405010151728766,12.55630015244198,-0.19141298412868768,-0.20542066148501448,-0.0018445199361835159,-0.0005447483096806009,0.00031898583086523375
21.26331943191312,0.010532011982229788,12.549569139518692,-0.1749111654342246,-0.19442457672328572,-0.0016975329291462424,-0.0005043636718784403,0.00024967304970707445
21.296647518796995,0.004772076805614945,12.543637213576394,-0.15210812980903088,-0.18167133147725423,-0.00149880742526771,-0.0004509630830041594,0.0001972069383239532
21.32997560568087,0.00041650928270848365,12.537640160749866,-0.12155245022166339,-0.1572054793316795,-0.0012192804289552306,-0.00037216263309453,0.00016014320571199208
21.363303692564745,-0.0032524263676579203,12.532936692913108,-0.08810831122338281,-0.12792703494125135,-0.0009088567680486173,-0.00028346986726315886,0.0001381275734066448
21.396631779448622,-0.006050108581261274,12.529536239015087,-0.06635106827300145,-0.08181229575781046,-0.000658380751094719,-0.00019921984989234784,0.00013406083681791637
21.4299598663325,-0.007937959379461401,12.527859307657803,-0.04698505623147699,-0.02709028736308028,-0.00041091797925735577,-0.00011081706098652691,0.00013171092510431113
21.463287953216376,-0.009292818032568357,12.528378225816336,-0.03232355677651447,0.037195742475674365,-0.0001825836657844103,-2.1469580968429174e-05,0.00012727878417846946
21.496616040100253,-0.009921332793118347,12.530456748910723,-0.00015680187197215185,0.07903268127856578,0.0001405110559756275,7.724830474640941e-05,0.00012078061325317672
21.529944126984127,-0.009901685135599601,12.53384395870586,0.01144862494392376,0.13372234115657378,0.0003280998843457734,0.00015171013809251455,0.00011371357894152985
21.563272213868004,-0.006913964610551977,12.536215697034176,0.10008930465833354,0.08841019710943598,0.0009304302687570972,0.00026621954295143104,0.00013495882915945157
21.59660030075188,-0.001746525463977776,12.537846959991935,0.175457896440733,0.03562842865481386,0.0014170093933701148,0.0003495729188661277,0.00018736347502439448
21.62992838763576,0.005889459537019703,12.53727195075414,0.2631703816334626,-0.046280344831323816,0.0019465900049347431,0.00042638391355004487,0.0003147254072067481
21.663256474519635,0.01067578530821301,12.539741209387287,0.1961751404809549,0.012793577769517839,0.00153582568971571,0.00036420280611392447,0.00023539787208757732
21.696584561403508,0.015606419752004008,12.541492729877573,0.13563249183759293,0.05476591058649305,0.0011441489904070723,0.00029682139009918013,0.00020023706730721896
21.729912648287385,0.019967209818992665,12.54311202549145,0.07991092149983067,0.09054824546774043,0.0007785419342972468,0.0002320356938300499,0.00019661404994352334
21.763240735171262,0.02335711014143219,12.545012084817632,0.03300701673389788,0.11078346561643215,0.00045307227888451694,0.00016782490394560805,0.00020934717853836421
21.79656882205514,0.02523297659198627,12.547151924935415,0.015791586408547338,0.0855594631026051,0.0002751081808775353,0.00011223096188932805,0.00022051305473733896
21.829896908939016,0.02598308858836831,12.548957815041518,0.02842126832111399,0.030522459468002694,0.0002738827642544808,8.087576898348368e-05,0.00022547112979829406
21.863224995822893,0.025802280981415973,12.550497822218839,0.07564115806848712,-0.0524281849577406,0.0004893771370792676,8.413569116853613e-05,0.00023035767909762245
21.896553082706767,0.02758768436735559,12.549187011855391,0.062368247764084526,-0.06432391766862366,0.00036571262676791006,4.866308026547254e-05,0.0002550391789636222
21.929881169590644,0.029239687927343765,12.547479629755614,0.030356542636140148,-0.04736071116455065,0.00014925122081261725,7.930352825170732e-06,0.00027925082589174284
21.96320925647452,0.031173575643377548,12.545032359488385,-0.036811581692820165,0.02048308512107866,-0.0002471972858321401,-4.584780301506195e-05,0.0003225421187645814
21.9965373433584,0.029701344131788043,12.545928227704964,-0.04785505620066608,0.030579020179236114,-0.00031427228729481217,-5.5736712052900756e-05,0.00029607530506598276
22.029865430242275,0.028229112620198574,12.546890771668437,-0.036811581692820186,0.02448425969111852,-0.00024001933837693558,-4.193861638021991e-05,0.00026546995585653477
22.063193517126148,0.027492996864403832,12.547380386470886,-0.0036811581692822947,0.002198803656694861,-2.444896724330133e-05,-4.4391171786835885e-06,0.00024819087555166233
22.096521604010025,0.028229112620198563,12.546857467204433,0.0515362143699476,-0.03627734792403491,0.00033244477835714083,5.6752559982588716e-05,0.0002691919457766541
22.129849690893906,0.031173575643377485,12.5447824089612,0.12884053592486946,-0.09094419505107063,0.0008307036622327534,0.0001415770737803901,0.00036627562980153926
